ST_CASE,STATE_NAME,CITY_NAME,COUNTY_NAME,RUR_URB_NAME,TYP_INT_NAME,TWAY_ID,TWAY_ID2,HARM_EV_NAME,FATALS,DRUNK_DR,VE_TOTAL,VE_FORMS,PVH_INVL,PEDS,PERNOTMVIT,PERMVIT,PERSONS,MONTH_NAME,DAY_WEEK_NAME,WEATHER_NAME,LGT_COND_NAME,LATITUDE,LONGITUD
120408,FLORIDA,DAYTONA BEACH,VOLUSIA,Urban,Not an Intersection,FAIRVIEW AVE,,Motor Vehicle in Transport,1,0,3,2,1,0,0,2,2,April,Sunday,Clear,Dark - Lighted,29.2209,-81.0238
120409,FLORIDA,PALM BEACH GARDENS,PALM BEACH,Urban,Four-Way Intersection,SR-811,HOOD RD,Motor Vehicle in Transport,1,0,3,3,0,0,0,4,4,January,Sunday,Rain,Dark - Lighted,26.8641,-80.0957
120410,FLORIDA,Not Applicable,INDIAN RIVER,Trafficway Not in State Inventory,Not an Intersection,20TH AVE,,Pedestrian,1,0,2,2,0,1,1,2,2,January,Friday,Clear,Dark - Lighted,27.6013,-80.4059
120411,FLORIDA,Not Applicable,MIAMI-DADE,Urban,Not an Intersection,199TH ST,,Curb,1,0,1,1,0,1,1,1,1,January,Monday,Clear,Dark - Not Lighted,25.9534,-80.2979
120413,FLORIDA,JACKSONVILLE,DUVAL,Urban,Four-Way Intersection,SR-10,1600 SAN MATEO RD,Pedalcyclist,1,0,1,1,0,1,1,1,1,January,Saturday,Clear,Dark - Lighted,30.3052,-81.6338
120414,FLORIDA,Not Applicable,INDIAN RIVER,Urban,Not an Intersection,OLD DIXIE HIGHWAY,,Pedestrian,1,0,1,1,0,1,1,1,1,January,Monday,Clear,Daylight,27.5802,-80.3783
120415,FLORIDA,Not Applicable,NASSAU,Rural,Not an Intersection,US-17,,Pedestrian,1,0,1,1,0,1,1,1,1,January,Friday,Cloudy,Dark - Not Lighted,30.7153,-81.6746
120416,FLORIDA,PORT ORANGE,VOLUSIA,Urban,T-Intersection,MADELINE AVE,RED PONTIAC DR,Curb,1,0,1,1,0,0,0,1,1,January,Thursday,Rain,Dark - Lighted,29.1434,-81.0185
120417,FLORIDA,Not Applicable,LAKE,Urban,Not an Intersection,WOLF BRANCH ROAD,,Pedestrian,1,0,1,1,0,1,1,3,3,January,Friday,Cloudy,Dark - Not Lighted,28.8150,-81.5896
120418,FLORIDA,Not Applicable,LAKE,Rural,Not an Intersection,CR-44A,,Pedestrian,1,0,1,1,0,1,1,2,2,January,Friday,"Fog, Smog, Smoke",Dark - Not Lighted,28.8769,-81.5563
120419,FLORIDA,Not Applicable,ST. JOHNS,Urban,Not an Intersection,US-1,,Pedestrian,1,0,1,1,0,1,1,1,1,January,Thursday,Cloudy,Daylight,29.9658,-81.3508
120420,FLORIDA,Not Applicable,MANATEE,Urban,Not an Intersection,US-41,,Pedestrian,1,0,1,1,0,1,1,6,6,January,Sunday,Rain,Dark - Not Lighted,27.4527,-82.5753
120421,FLORIDA,Not Applicable,WAKULLA,Urban,Not an Intersection,SR-363,,Mail Box,1,1,1,1,0,0,0,1,1,January,Sunday,Clear,Dark - Lighted,30.2527,-84.2344
120422,FLORIDA,Not Applicable,HERNANDO,Rural,Not an Intersection,MARINER BLVD,,Motor Vehicle in Transport,1,0,3,3,0,0,0,6,6,January,Sunday,Clear,Daylight,28.4926,-82.5406
120423,FLORIDA,HAMMONDVILLE,BROWARD,Urban,Not an Intersection,SR-814,,Pedestrian,1,0,1,1,0,1,1,2,2,January,Tuesday,Clear,Dark - Lighted,26.2352,-80.2118
120424,FLORIDA,Not Applicable,ORANGE,Urban,Not an Intersection,COMMERCE BLVD,,Culvert,1,0,1,1,0,0,0,1,1,January,Friday,Clear,Dark - Not Lighted,28.5684,-81.3034
120425,FLORIDA,JACKSONVILLE,DUVAL,Urban,Four-Way Intersection,MONUMENT AND COBBLESTONE PARKW,MONUMENT AND COBBLESTONE PARKW,Pedestrian,1,0,1,1,0,1,1,1,1,January,Saturday,Clear,Dark - Lighted,30.3603,-81.5029
120426,FLORIDA,Not Applicable,PALM BEACH,Trafficway Not in State Inventory,Not an Intersection,DH-21 DIRT RD,,Rollover/Overturn,2,0,1,1,0,0,0,2,2,January,Saturday,"Fog, Smog, Smoke",Daylight,26.6530,-80.7404
120427,FLORIDA,Not Applicable,HILLSBOROUGH,Urban,Not an Intersection,US-41 SR-45,,Pedestrian,1,1,1,1,0,1,1,1,1,January,Saturday,Clear,Dark - Lighted,27.8395,-82.3816
120428,FLORIDA,Not Applicable,ESCAMBIA,Urban,Not an Intersection,US-90 SR-10A MOBILE HWY,,Pedalcyclist,1,0,1,1,0,1,1,1,1,January,Friday,Rain,Dark - Not Lighted,30.4236,-87.2605
120429,FLORIDA,Not Applicable,MANATEE,Urban,Not an Intersection,US-41,,Other Fixed Object,1,0,1,1,0,1,1,1,1,January,Saturday,Rain,Daylight,27.3964,-82.5632
120430,FLORIDA,Not Applicable,MANATEE,Urban,Not an Intersection,6160 14TH ST,,Non-Motorist on Personal Conveyance,1,0,1,1,0,1,1,1,1,January,Friday,Cloudy,Daylight,27.4314,-82.5766
120431,FLORIDA,Not Applicable,ST. JOHNS,Urban,Not an Intersection,SR-A1A,,Pedestrian,1,0,1,1,0,1,1,2,2,February,Monday,Clear,Dark - Lighted,29.8171,-81.2691
120433,FLORIDA,Not Applicable,MIAMI-DADE,Urban,T-Intersection,SR-934 NW 79TH ST,NW 14TH CT,Pedestrian,1,0,3,3,0,1,1,5,5,January,Sunday,Clear,Dark - Lighted,25.8466,-80.2220
120434,FLORIDA,NORTH PORT,SARASOTA,Rural,Not an Intersection,US-41,,Pedalcyclist,1,0,1,1,0,1,1,2,2,January,Saturday,Rain,Dark - Not Lighted,27.0468,-82.3207
120435,FLORIDA,Not Applicable,FLAGLER,Rural,Not an Intersection,MAHOGANY BLVD,,Pedestrian,1,0,1,1,0,1,1,1,1,January,Tuesday,Clear,Dark - Not Lighted,29.4594,-81.4133
120436,FLORIDA,Not Applicable,LEE,Rural,Four-Way Intersection,SR-867,IONA RD,Pedestrian,1,0,1,1,0,1,1,1,1,January,Wednesday,Cloudy,Dark - Not Lighted,26.5200,-81.9417
120437,FLORIDA,MIAMI BEACH,MIAMI-DADE,Urban,Not an Intersection,SR-112,,Pedestrian,1,0,1,1,0,2,2,1,1,January,Wednesday,Clear,Dark - Not Lighted,25.7657,-80.2462
120438,FLORIDA,Not Applicable,SARASOTA,Urban,Not an Intersection,US-41,,Pedestrian,1,0,1,1,0,1,1,1,1,January,Sunday,Clear,Dark - Lighted,27.2498,-82.5136
120439,FLORIDA,Not Applicable,ORANGE,Urban,Not an Intersection,CR-431,,Pedestrian,1,0,1,1,0,1,1,1,1,January,Sunday,Clear,Dark - Lighted,28.5924,-81.4515
120440,FLORIDA,Not Applicable,PINELLAS,Rural,Not an Intersection,SR-688,,Pedestrian,1,0,1,1,0,1,1,4,4,January,Thursday,Clear,Dark - Lighted,27.8944,-82.6908
120441,FLORIDA,Not Applicable,LEE,Rural,Four-Way Intersection,SR-867,865GLADIOLUS DR,Motor Vehicle in Transport,1,1,2,2,0,0,0,2,2,January,Sunday,Clear,Daylight,26.5158,-81.9438
120442,FLORIDA,MOUNT DORA,LAKE,Urban,Four-Way Intersection,LIMIT AVE,US 441,Motor Vehicle in Transport,1,0,2,2,0,0,0,3,3,February,Sunday,Clear,Daylight,28.8152,-81.6288
120443,FLORIDA,NORTH MIAMI BEACH,MIAMI-DADE,Urban,Not an Intersection,US-1,,Motor Vehicle in Transport,1,0,2,2,0,0,0,3,3,January,Thursday,Clear,Dark - Lighted,25.9340,-80.1512
120444,FLORIDA,Not Applicable,COLLIER,Rural,Four-Way Intersection,OAKES BLVD,STANDING OAKS LN,Pedestrian,1,0,1,1,0,1,1,1,1,January,Thursday,Cloudy,Dark - Lighted,26.2571,-81.7347
120445,FLORIDA,Not Applicable,OSCEOLA,Rural,Not an Intersection,US-192,,Pedestrian,1,0,1,1,0,1,1,2,2,February,Monday,Clear,Dark - Not Lighted,28.2066,-81.1709
120446,FLORIDA,Not Applicable,PASCO,Urban,Four-Way Intersection,US-19,SCENIC DR,Pedalcyclist,1,0,1,1,0,1,1,1,1,January,Friday,Clear,Dark - Lighted,28.2980,-82.7069
120447,FLORIDA,Not Applicable,PASCO,Rural,Not an Intersection,US-19,,Pedestrian,1,0,1,1,0,1,1,1,1,January,Thursday,Clear,Dark - Lighted,28.1854,-82.7401
120448,FLORIDA,LANTANA,PALM BEACH,Urban,Not an Intersection,HYPOLUXO ROAD,,Pedestrian,1,0,1,1,0,1,1,1,1,January,Friday,Clear,Dark - Lighted,26.5721,-80.0655
120449,FLORIDA,SAINT CLOUD,OSCEOLA,Urban,Four-Way Intersection,SR-500,BROWN CHAPEL RD,Pedestrian,1,0,1,1,0,1,1,1,1,January,Sunday,Clear,Dark - Not Lighted,28.2492,-81.3102
120451,FLORIDA,JACKSONVILLE,DUVAL,Urban,T-Intersection,US-90,PALMER TERR,Non-Motorist on Personal Conveyance,1,0,1,1,0,1,1,1,1,February,Saturday,Clear,Daylight,30.3041,-81.6322
120453,FLORIDA,Not Applicable,HIGHLANDS,Urban,Not an Intersection,US-27,,Rollover/Overturn,1,0,1,1,0,0,0,2,2,February,Wednesday,Clear,Daylight,27.4961,-81.4875
120454,FLORIDA,Not Applicable,BREVARD,Urban,Not an Intersection,US-1,,Pedestrian,1,0,1,1,0,1,1,1,1,February,Friday,Clear,Dark - Not Lighted,28.4969,-80.7802
120455,FLORIDA,Not Applicable,MANATEE,Rural,Four-Way Intersection,SR-64,GREYHAWK BLVD,Pedestrian,1,0,1,1,0,1,1,1,1,February,Tuesday,"Fog, Smog, Smoke",Daylight,27.4841,-82.4128
120456,FLORIDA,Not Applicable,PALM BEACH,Rural,Not an Intersection,SR-809,,Pedestrian,1,1,2,2,0,1,1,2,2,January,Tuesday,Clear,Dark - Lighted,26.6686,-80.1125
120457,FLORIDA,Not Applicable,LEVY,Rural,Not an Intersection,CR-326,,Pedestrian,1,0,1,1,0,1,1,1,1,February,Thursday,Clear,Dark - Not Lighted,29.2788,-82.4061
120458,FLORIDA,Not Applicable,SANTA ROSA,Urban,Not an Intersection,US-90,,Pedestrian,1,0,1,1,0,1,1,2,2,February,Friday,Clear,Dark - Not Lighted,30.6025,-87.0814
120459,FLORIDA,Not Applicable,JEFFERSON,Rural,Not an Intersection,FREEMAN ROAD,,Pedestrian,1,0,1,1,0,1,1,2,2,February,Saturday,Clear,Dark - Not Lighted,30.4489,-83.9225
120460,FLORIDA,CALLAWAY,BAY,Urban,Not an Intersection,US-98,,Pedestrian,1,0,1,1,0,1,1,1,1,February,Thursday,Clear,Dark - Lighted,30.1453,-85.5912
120461,FLORIDA,JACKSONVILLE,DUVAL,Urban,Not an Intersection,SR-228,,Pedestrian,1,0,1,1,0,1,1,1,1,January,Saturday,Clear,Dark - Not Lighted,30.3049,-81.7549
120462,FLORIDA,Not Applicable,CLAY,Rural,Not an Intersection,SR-21,,Pedestrian,1,0,1,1,0,1,1,1,1,January,Wednesday,Cloudy,Dark - Lighted,30.1572,-81.7472
120463,FLORIDA,Not Applicable,ORANGE,Urban,Not an Intersection,CR-448 SADLER RD,,Pedestrian,1,0,1,1,0,1,1,1,1,January,Tuesday,Clear,Dark - Not Lighted,28.7469,-81.6463
120464,FLORIDA,Not Applicable,CITRUS,Rural,Not an Intersection,CORBETT AVE,,Pedestrian,1,0,1,1,0,1,1,0,0,February,Tuesday,Clear,Dark - Not Lighted,28.7988,-82.5083
120465,FLORIDA,Not Applicable,ESCAMBIA,Urban,Not an Intersection,US-90,,Pedestrian,1,0,1,1,0,1,1,1,1,January,Saturday,Cloudy,Dark - Not Lighted,30.4341,-87.2761
120466,FLORIDA,Not Applicable,PASCO,Rural,Not an Intersection,SR-52,,Pedalcyclist,1,0,1,1,0,1,1,1,1,January,Friday,Clear,Dark - Not Lighted,28.3391,-82.6188
120467,FLORIDA,ORLANDO,ORANGE,Urban,Not an Intersection,CR-423,,Pedestrian,1,0,2,2,0,1,1,3,3,January,Wednesday,Clear,Dark - Not Lighted,28.4741,-81.4172
120469,FLORIDA,Not Applicable,PASCO,Urban,Four-Way Intersection,US-19,BONITA RD,Pedestrian,1,0,1,1,0,1,1,1,1,February,Saturday,Clear,Dark - Lighted,28.1880,-82.7400
120470,FLORIDA,Not Applicable,HENDRY,Rural,Not an Intersection,SR-29,,Motor Vehicle in Transport,1,1,2,2,0,0,0,3,3,February,Sunday,Clear,Dark - Not Lighted,26.6894,-81.4368
120472,FLORIDA,Not Applicable,MARION,Rural,Not an Intersection,US-27,,Pedalcyclist,1,0,1,1,0,1,1,1,1,January,Thursday,Cloudy,Daylight,29.2225,-82.2183
120473,FLORIDA,Not Applicable,PINELLAS,Rural,Not an Intersection,CR-611,,Pedestrian,1,0,1,1,0,1,1,4,4,February,Sunday,Clear,Dark - Lighted,28.1560,-82.6961
120474,FLORIDA,Not Applicable,PASCO,Rural,Four-Way Intersection,SR-54,US-41,Pedestrian,1,0,1,1,0,1,1,1,1,January,Saturday,Rain,Dark - Lighted,28.1916,-82.4655
120475,FLORIDA,Not Applicable,ORANGE,Urban,Not an Intersection,SR-426,,Pedestrian,1,0,1,1,0,1,1,1,1,January,Thursday,Clear,Dark - Lighted,28.6075,-81.2938
120476,FLORIDA,Not Applicable,ORANGE,Urban,Not an Intersection,SR-536,APOPKA VINELAND RD,Pedestrian,1,0,1,1,0,1,1,1,1,January,Thursday,Rain,Dark - Lighted,28.3572,-81.4941
120478,FLORIDA,Not Applicable,MANATEE,Urban,Roundabout,75TH STREET,SR-70,Curb,1,0,1,1,0,0,0,1,1,February,Tuesday,Clear,Daylight,27.4480,-82.6368
120479,FLORIDA,Not Applicable,ORANGE,Urban,Not an Intersection,SR-527,,Pedestrian,1,0,1,1,0,1,1,1,1,February,Wednesday,Clear,Dark - Not Lighted,28.4638,-81.3672
120481,FLORIDA,Not Applicable,MANATEE,Rural,Not an Intersection,THE PARK BLVD,,Tree (Standing Only),1,0,1,1,0,0,0,1,1,February,Tuesday,"Fog, Smog, Smoke",Daylight,27.3900,-82.4786
120482,FLORIDA,Not Applicable,ST. LUCIE,Rural,T-Intersection,LINCOLN CIR,ROOSEVELT CIR,Pedalcyclist,1,0,1,1,0,1,1,2,2,February,Thursday,Clear,Daylight,27.4853,-80.3798
120483,FLORIDA,BOCA RATON,PALM BEACH,Urban,T-Intersection,SR-794,MILITARY TRAIL,Pedalcyclist,1,0,1,1,0,1,1,1,1,February,Friday,Clear,Daylight,26.3939,-80.1214
120484,FLORIDA,CAPE CANAVERAL,BREVARD,Urban,Not an Intersection,SR-A1A,,Pedestrian,1,1,1,1,0,1,1,2,2,March,Wednesday,Clear,Dark - Not Lighted,28.3829,-80.6055
120485,FLORIDA,PALM COAST,FLAGLER,Urban,Not an Intersection,FOREST GROVE DR,,Pedestrian,2,0,1,1,0,2,2,1,1,February,Thursday,Clear,Dark - Not Lighted,29.6007,-81.2279
120486,FLORIDA,Not Applicable,BREVARD,Rural,Not an Intersection,SATELLITE BLVD,,Pedestrian,1,0,1,1,0,1,1,1,1,February,Monday,Cloudy,Dark - Not Lighted,28.3690,-80.8457
120487,FLORIDA,Not Applicable,OSCEOLA,Rural,Not an Intersection,I-4,,Motor Vehicle in Transport,1,0,4,4,0,0,0,4,4,February,Wednesday,Cloudy,Daylight,28.3050,-81.5719
120488,FLORIDA,KEY WEST,MONROE,Urban,T-Intersection,US-1,CROSS ST,Pedalcyclist,1,0,1,1,0,1,1,1,1,March,Monday,Cloudy,Dusk,24.5747,-81.7362
120489,FLORIDA,Not Applicable,HILLSBOROUGH,Urban,Not an Intersection,I-275,,Parked Motor Vehicle (Not in Transport),1,0,2,1,1,1,3,1,3,February,Monday,Clear,Dark - Lighted,27.9340,-82.5694
120490,FLORIDA,ZEPHYRHILLS,PASCO,Urban,T-Intersection,COPELAND DR,CR-535,Pedalcyclist,1,0,1,1,0,1,1,1,1,March,Tuesday,Clear,Daylight,28.2088,-82.1661
120491,FLORIDA,Not Applicable,ESCAMBIA,Urban,Not an Intersection,US-90,,Pedalcyclist,1,0,1,1,0,1,1,1,1,February,Wednesday,Clear,Dark - Not Lighted,30.4930,-87.3244
120492,FLORIDA,JACKSONVILLE,DUVAL,Urban,Not an Intersection,I-295,,Pedestrian,1,0,1,1,0,1,1,1,1,February,Friday,Clear,Dark - Lighted,30.4177,-81.7377
120493,FLORIDA,Not Applicable,MIAMI-DADE,Urban,Four-Way Intersection,SR-994,SW 115 AVE,Pedestrian,1,0,1,1,0,1,1,1,1,March,Tuesday,Cloudy,Dark - Lighted,25.5928,-80.3784
120494,FLORIDA,Not Applicable,OKALOOSA,Urban,Not an Intersection,SR-188,,Pedestrian,1,0,1,1,0,2,2,2,2,February,Friday,Clear,Dark - Lighted,30.4494,-86.6363
120495,FLORIDA,Not Applicable,MIAMI-DADE,Urban,Four-Way Intersection,US-441,191 ST,Pedalcyclist,1,0,1,1,0,1,1,1,1,February,Wednesday,Clear,Dark - Lighted,25.9498,-80.2053
120496,FLORIDA,Not Applicable,PASCO,Urban,Not an Intersection,5TH ST,ESTATE DR,Pedestrian,1,0,1,1,0,1,1,1,1,February,Wednesday,Clear,Daylight,28.2299,-82.7109
120497,FLORIDA,TITUSVILLE,BREVARD,Urban,Not an Intersection,SR-50,,Pedestrian,1,0,1,1,0,1,1,1,1,February,Thursday,Clear,Dark - Lighted,28.5525,-80.8491
120498,FLORIDA,CALLAWAY,BAY,Urban,Not an Intersection,US-98,,Pedestrian,1,0,1,1,0,1,1,2,2,February,Wednesday,Rain,Dark - Not Lighted,30.1586,-85.5911
120499,FLORIDA,NORTH MIAMI BEACH,MIAMI-DADE,Urban,Not an Intersection,NE 19TH AVE,,Pedestrian,1,0,1,1,0,1,1,1,1,March,Saturday,Clear,Dark - Lighted,25.9394,-80.1626
120500,FLORIDA,Not Applicable,MIAMI-DADE,Urban,T-Intersection,I-195,NW 22ND AVE,Pedestrian,1,0,1,1,0,1,1,1,1,February,Thursday,Clear,Daylight,25.8121,-80.2321
120501,FLORIDA,Not Applicable,BREVARD,Urban,Not an Intersection,US-1,,Pedalcyclist,1,0,1,1,0,1,1,2,2,February,Sunday,Clear,Daylight,28.2750,-80.6930
120502,FLORIDA,Not Applicable,ESCAMBIA,Urban,T-Intersection,SR-297,FRANCISCAN DRIVE,Pedestrian,1,0,1,1,0,1,1,1,1,February,Sunday,Clear,Dusk,30.4992,-87.3059
120503,FLORIDA,MIAMI BEACH,MIAMI-DADE,Urban,Four-Way Intersection,SR-907,15TH STREET,Pedestrian,1,0,1,1,0,1,1,1,1,January,Wednesday,Rain,Dark - Not Lighted,25.7873,-80.1411
120504,FLORIDA,Not Applicable,SUMTER,Urban,T-Intersection,US-301,SR-44,Traffic Sign Support,1,0,1,1,0,0,0,1,1,March,Thursday,Clear,Dark - Not Lighted,28.8588,-82.1738
120505,FLORIDA,Not Applicable,ORANGE,Urban,Four-Way Intersection,CENTRAL PARKWAY,WINDOVER WAY,Pedalcyclist,1,0,1,1,0,1,1,1,1,March,Sunday,Clear,Dark - Lighted,28.4089,-81.4123
120506,FLORIDA,MIAMI BEACH,MIAMI-DADE,Urban,T-Intersection,SR-A1A,ESPANOLA WAY,Pedestrian,1,0,2,2,0,2,2,2,2,January,Friday,Clear,Dark - Lighted,25.7869,-80.1305
120507,FLORIDA,OCALA,MARION,Urban,Not an Intersection,8TH AVE,,Pedestrian,1,1,1,1,0,1,1,2,2,March,Sunday,Clear,Dark - Lighted,29.1150,-82.0746
120508,FLORIDA,Not Applicable,CITRUS,Urban,Not an Intersection,INDEPENDENCE HIGHWAY,,Pedalcyclist,1,1,1,1,0,2,2,1,1,March,Sunday,Clear,Daylight,28.8462,-82.3655
120509,FLORIDA,Not Applicable,VOLUSIA,Urban,Not an Intersection,US-1,,Pedestrian,1,0,1,1,0,1,1,3,3,March,Sunday,Clear,Dark - Not Lighted,29.3512,-81.1519
120510,FLORIDA,FORT LAUDERDALE,BROWARD,Urban,Not an Intersection,I-95,,Tree (Standing Only),1,0,1,1,0,0,0,1,1,March,Sunday,Cloudy,Dark - Not Lighted,26.0812,-80.1661
120511,FLORIDA,Not Applicable,ORANGE,Urban,T-Intersection,SR-424,2ND ST,Pedestrian,1,0,1,1,0,1,1,1,1,March,Wednesday,Clear,Dark - Not Lighted,28.6080,-81.4125
120512,FLORIDA,Not Applicable,MARTIN,Rural,Not an Intersection,I-95,,Pedestrian,1,0,1,1,0,1,1,2,2,March,Sunday,Clear,Dark - Not Lighted,26.9610,-80.1695
120513,FLORIDA,Not Applicable,VOLUSIA,Rural,Four-Way Intersection,CR-4019,DERBYSHIRE RD,Pedalcyclist,1,0,1,1,0,1,1,1,1,February,Friday,Clear,Daylight,29.2354,-81.0661
120514,FLORIDA,Not Applicable,ORANGE,Urban,T-Intersection,SR-50,PEACHTREE ROAD,Pedalcyclist,1,0,1,1,0,1,1,1,1,March,Friday,Clear,Dark - Lighted,28.5530,-81.3841
120515,FLORIDA,Not Applicable,ORANGE,Urban,Four-Way Intersection,TAFT VINELAND ROAD,DARDEN CENTER DRIVE,Motor Vehicle in Transport,1,1,2,2,0,0,0,2,2,March,Thursday,Clear,Daylight,28.4165,-81.4239
120516,FLORIDA,PORT ORANGE,VOLUSIA,Urban,Four-Way Intersection,US-1,FLEMING AV,Motor Vehicle in Transport,1,0,2,2,0,0,0,5,5,February,Tuesday,Clear,Daylight,29.1337,-80.9830
120517,FLORIDA,JACKSONVILLE,DUVAL,Urban,Four-Way Intersection,US-17,37   ROSEVELT BLVD,Pedalcyclist,1,0,1,1,0,1,1,2,2,February,Monday,Clear,Dark - Lighted,30.3027,-81.7197
120518,FLORIDA,NEW SMYRNA BEACH,VOLUSIA,Urban,Not an Intersection,SR-44,,Pedalcyclist,1,0,1,1,0,1,1,1,1,January,Thursday,Clear,Dark - Not Lighted,29.0132,-80.9668
120519,FLORIDA,Not Applicable,OKEECHOBEE,Urban,Not an Intersection,SR-70,,Motor Vehicle in Transport,1,0,2,2,0,1,1,1,1,March,Monday,Cloudy,Daylight,27.2469,-80.8012
120520,FLORIDA,Not Applicable,MIAMI-DADE,Urban,Not an Intersection,SR-860,,Pedestrian,1,0,1,1,0,1,1,1,1,March,Thursday,Clear,Dark - Lighted,25.9425,-80.2028
120521,FLORIDA,Not Applicable,BREVARD,Rural,T-Intersection,SR-3,SPRUCE AVE,Pedestrian,1,0,1,1,0,1,1,1,1,March,Sunday,Cloudy,Dark - Lighted,28.3911,-80.7036
120522,FLORIDA,Not Applicable,JACKSON,Rural,Not an Intersection,I-10,,Motor Vehicle in Transport,1,0,2,2,0,0,0,2,2,March,Sunday,Clear,Dark - Not Lighted,30.6902,-85.1175
120523,FLORIDA,OPA-LOCKA,MIAMI-DADE,Urban,Four-Way Intersection,SR-9,SUPERIOR ST,Pedestrian,1,0,1,1,0,1,1,1,1,March,Wednesday,Clear,Dark - Lighted,25.8995,-80.2435
120524,FLORIDA,Not Applicable,COLLIER,Rural,Four-Way Intersection,MADISON PARK BLVD,PRINCETON DR POTOMAC LN,Pedalcyclist,1,0,1,1,0,1,1,1,1,March,Wednesday,Clear,Daylight,26.1525,-81.7055
120525,FLORIDA,Not Applicable,HILLSBOROUGH,Urban,Not an Intersection,US-41,,Pedalcyclist,1,0,1,1,0,1,1,1,1,March,Saturday,Cloudy,Dark - Lighted,27.7677,-82.3927
120526,FLORIDA,JACKSONVILLE,DUVAL,Urban,Not an Intersection,SR-134,,Pedestrian,1,0,1,1,0,1,1,1,1,March,Sunday,Clear,Dark - Lighted,30.2475,-81.7222
120527,FLORIDA,DESTIN,OKALOOSA,Urban,T-Intersection,US-98,MARLER STREET,Pedestrian,1,0,1,1,0,1,1,1,1,March,Friday,Rain,Dark - Lighted,30.3941,-86.5052
120528,FLORIDA,Not Applicable,LEE,Rural,Not an Intersection,SR-78,,Pedestrian,1,0,2,2,0,1,1,3,3,March,Monday,Clear,Dark - Not Lighted,26.6822,-81.9004
120530,FLORIDA,ORLANDO,ORANGE,Urban,Not an Intersection,SR-423,,Pedestrian,1,0,1,1,0,1,1,1,1,March,Sunday,Clear,Dark - Lighted,28.6051,-81.4050
120531,FLORIDA,JACKSONVILLE,DUVAL,Urban,Four-Way Intersection,US-90,CORTEZ RD,Motor Vehicle in Transport,1,0,2,2,0,0,0,3,3,March,Saturday,Clear,Dark - Lighted,30.2868,-81.5276
120532,FLORIDA,PANAMA CITY BEACH,BAY,Urban,Not an Intersection,US-98,,Pedestrian,1,0,1,1,0,1,1,5,5,March,Saturday,Clear,Dark - Not Lighted,30.2094,-85.8475
120533,FLORIDA,WINTER GARDEN,ORANGE,Urban,Not an Intersection,SR-50,,Motor Vehicle in Transport,1,1,2,2,0,0,0,2,2,February,Saturday,Clear,Daylight,28.5511,-81.6040
120534,FLORIDA,Not Applicable,MIAMI-DADE,Trafficway Not in State Inventory,Not an Intersection,NW 109TH AVE,,Pedestrian,1,0,1,1,0,1,1,1,1,January,Friday,Clear,Dark - Not Lighted,25.7720,-80.3736
120535,FLORIDA,Not Applicable,MIAMI-DADE,Urban,T-Intersection,59TH ST,133RD AVE,Pedestrian,1,0,1,1,0,1,1,1,1,February,Monday,Rain,Dark - Not Lighted,25.9571,-80.3243
120536,FLORIDA,Not Applicable,MIAMI-DADE,Urban,Four-Way Intersection,SR-7,81ST ST,Pedestrian,1,0,1,1,0,1,1,1,1,January,Tuesday,Rain,Dark - Lighted,25.8489,-80.2092
120537,FLORIDA,Not Applicable,MIAMI-DADE,Urban,Not an Intersection,SR-944,,Pedestrian,1,0,1,1,0,1,1,1,1,January,Sunday,Clear,Daylight,25.8239,-80.2387
120538,FLORIDA,MELBOURNE,BREVARD,Urban,Not an Intersection,US-1,,Motor Vehicle in Transport,1,0,3,3,0,0,0,3,3,January,Monday,Clear,Daylight,28.1405,-80.6341
120539,FLORIDA,SARASOTA,SARASOTA,Urban,Four-Way Intersection,SR-780,BENEVA RD,Pedestrian,1,0,1,1,0,1,1,2,2,January,Friday,Clear,Dark - Lighted,27.3374,-82.4973
120540,FLORIDA,FORT LAUDERDALE,BROWARD,Urban,Not an Intersection,SR-A1A,,Pedestrian,1,0,1,1,0,1,1,1,1,January,Friday,Cloudy,Daylight,26.2752,-80.0803
120541,FLORIDA,FORT LAUDERDALE,BROWARD,Urban,Not an Intersection,US-1,,Pedestrian,1,0,1,1,0,1,1,2,2,February,Saturday,Cloudy,Dark - Lighted,26.0985,-80.1366
120543,FLORIDA,Not Applicable,POLK,Rural,Not an Intersection,US-98,FOX LAKE DR,Pedalcyclist,1,0,2,2,0,1,1,3,3,January,Friday,Clear,Dark - Not Lighted,28.1377,-81.9735
120544,FLORIDA,HIALEAH,MIAMI-DADE,Urban,Not an Intersection,16TH AVENUE,,Traffic Sign Support,1,0,2,1,1,1,1,1,1,February,Monday,Clear,Daylight,25.8704,-80.3149
120545,FLORIDA,ORLANDO,ORANGE,Urban,Four-Way Intersection,ROLLINS ST,ALDEN RD,Pedestrian,1,0,1,1,0,1,1,1,1,January,Wednesday,Rain,Dark - Lighted,28.5734,-81.3703
120546,FLORIDA,GULFPORT,PINELLAS,Urban,T-Intersection,CR-138,BEACH BLVD,Pedestrian,1,0,1,1,0,1,1,1,1,February,Wednesday,Clear,Dark - Lighted,27.7482,-82.7075
120547,FLORIDA,TAMPA,HILLSBOROUGH,Rural,Not an Intersection,SR-574,,Pedestrian,1,0,1,1,0,1,1,1,1,February,Monday,Clear,Dark - Lighted,27.9813,-82.4795