ST_CASE,STATE_NAME,CITY_NAME,COUNTY_NAME,RUR_URB_NAME,TYP_INT_NAME,TWAY_ID,TWAY_ID2,HARM_EV_NAME,FATALS,DRUNK_DR,VE_TOTAL,VE_FORMS,PVH_INVL,PEDS,PERNOTMVIT,PERMVIT,PERSONS,MONTH_NAME,DAY_WEEK_NAME,WEATHER_NAME,LGT_COND_NAME,LATITUDE,LONGITUD
120548,FLORIDA,TAMPA,HILLSBOROUGH,Urban,Not an Intersection,14TH ST,,Pedestrian,1,0,1,1,0,1,1,1,1,March,Saturday,Clear,Dark - Lighted,27.9757,-82.4442
120549,FLORIDA,TAMPA,HILLSBOROUGH,Rural,Not an Intersection,INTERBAY BLVD,,Pedalcyclist,1,0,1,1,0,1,1,1,1,March,Saturday,Clear,Dark - Lighted,27.8793,-82.4956
120550,FLORIDA,TAMPA,HILLSBOROUGH,Urban,Not an Intersection,SR-583,,Pedalcyclist,1,0,1,1,0,1,1,1,1,March,Saturday,Clear,Dark - Lighted,27.9777,-82.4017
120552,FLORIDA,Not Applicable,COLLIER,Urban,Not an Intersection,GOODLETTE RD,,Pedalcyclist,1,0,1,1,0,1,1,1,1,January,Friday,Clear,Daylight,26.2458,-81.7877
120553,FLORIDA,JACKSONVILLE,DUVAL,Urban,Not an Intersection,CAHOON RD,,Pedestrian,1,0,1,1,0,1,1,3,3,March,Wednesday,Cloudy,Dark - Lighted,30.3186,-81.7836
120554,FLORIDA,JACKSONVILLE,DUVAL,Urban,Not an Intersection,OLD PLANK RD,,Pedalcyclist,1,0,1,1,0,1,1,1,1,March,Tuesday,Clear,Dark - Lighted,30.2821,-81.5893
120555,FLORIDA,JACKSONVILLE,DUVAL,Urban,Not an Intersection,SR-109,,Pedestrian,1,1,1,1,0,1,1,1,1,March,Sunday,Cloudy,Dark - Lighted,30.3378,-81.6025
120557,FLORIDA,Not Applicable,HILLSBOROUGH,Rural,Not an Intersection,SINCLAIR HILLS RD,,Pedestrian,1,0,1,1,0,1,1,1,1,February,Tuesday,Clear,Daylight,28.0915,-82.4327
120558,FLORIDA,Not Applicable,HILLSBOROUGH,Trafficway Not in State Inventory,Not an Intersection,SOLANO BAY LP,,Pedestrian,1,0,1,1,0,1,1,1,1,January,Thursday,Rain,Daylight,28.0291,-82.6403
120559,FLORIDA,Not Applicable,HILLSBOROUGH,Rural,Four-Way Intersection,CR-587,NIXON RD,Pedestrian,1,0,2,2,0,1,1,3,3,January,Thursday,Rain,Dark - Lighted,28.0567,-82.5314
120560,FLORIDA,Not Applicable,HILLSBOROUGH,Urban,Not an Intersection,PARSONS AV,,Pedestrian,1,0,1,1,0,1,1,2,2,March,Saturday,Clear,Dark - Not Lighted,27.9772,-82.2859
120561,FLORIDA,Not Applicable,HILLSBOROUGH,Urban,Not an Intersection,BRUCE B DOWNS BL,,Pedestrian,1,0,1,1,0,1,1,1,1,February,Monday,Clear,Dark - Not Lighted,28.0721,-82.4261
120562,FLORIDA,Not Applicable,HILLSBOROUGH,Rural,Not an Intersection,NORTHTON GROVES BL,PRIVATE PROPERTY,Parked Motor Vehicle (Not in Transport),1,0,2,1,1,1,1,1,1,March,Sunday,Cloudy,Daylight,28.0939,-82.5796
120563,FLORIDA,DAYTONA BEACH,VOLUSIA,Urban,Not an Intersection,WILLIAMSON BLVD,,Pedestrian,1,0,1,1,0,1,1,1,1,January,Friday,Clear,Dark - Not Lighted,29.2411,-81.0999
120564,FLORIDA,DAYTONA BEACH,VOLUSIA,Urban,Not an Intersection,SR-483,,Pedestrian,1,0,1,1,0,1,1,1,1,January,Sunday,Clear,Dark - Lighted,29.2013,-81.0557
120565,FLORIDA,TALLAHASSEE,LEON,Urban,T-Intersection,US-27,ALLEN RD,Motor Vehicle in Transport,1,0,2,2,0,0,0,6,6,January,Sunday,Clear,Daylight,30.4732,-84.2926
120566,FLORIDA,FORT MYERS,LEE,Urban,Four-Way Intersection,WINKLER AVE,EXECUTIVE CIR,Pedalcyclist,1,0,1,1,0,1,1,1,1,February,Thursday,Clear,Dark - Not Lighted,26.6047,-81.8445
120567,FLORIDA,FORT MYERS,LEE,Urban,Not an Intersection,SR-82,,Pedestrian,1,0,1,1,0,1,1,1,1,March,Wednesday,Clear,Dark - Lighted,26.6409,-81.8439
120568,FLORIDA,MIAMI,MIAMI-DADE,Urban,Four-Way Intersection,4TH AVE,6TH ST,Motor Vehicle in Transport,1,0,2,2,0,0,0,2,2,January,Monday,Clear,Daylight,25.8173,-80.2730
120569,FLORIDA,MIAMI,MIAMI-DADE,Urban,Four-Way Intersection,12TH AVE,12TH ST,Pedestrian,1,0,1,1,0,1,1,1,1,January,Sunday,Rain,Dark - Lighted,25.7856,-80.2149
120571,FLORIDA,PINELLAS PARK,PINELLAS,Urban,Not an Intersection,SR-694,,Pedestrian,1,0,1,1,0,1,1,1,1,March,Wednesday,Clear,Daylight,27.8390,-82.7260
120572,FLORIDA,NORTH LAUDERDALE,BROWARD,Urban,Not an Intersection,81ST AV,,Rollover/Overturn,1,1,1,1,0,0,0,1,1,January,Wednesday,Clear,Dark - Lighted,26.2063,-80.2364
120573,FLORIDA,POMPANO BEACH,BROWARD,Urban,Not an Intersection,US-1,,Motor Vehicle in Transport,1,0,3,3,0,0,0,3,3,January,Friday,Cloudy,Daylight,26.2378,-80.1026
120574,FLORIDA,POMPANO BEACH,BROWARD,Urban,Four-Way Intersection,SR-814,12TH AVE,Pedestrian,1,0,1,1,0,1,1,2,2,January,Friday,Clear,Dark - Lighted,26.2315,-80.1379
120575,FLORIDA,POMPANO BEACH,BROWARD,Urban,Not an Intersection,E COPANS RD,,Pedestrian,1,0,1,1,0,1,1,1,1,January,Tuesday,Clear,Dark - Not Lighted,26.2592,-80.1155
120576,FLORIDA,POMPANO BEACH,BROWARD,Urban,T-Intersection,3RD AV,29TH ST,Pedestrian,1,0,1,1,0,1,1,1,1,January,Sunday,Clear,Dark - Lighted,26.2665,-80.1192
120577,FLORIDA,LAUDERDALE LAKES,BROWARD,Rural,Not an Intersection,US-441,,Pedestrian,1,0,1,1,0,1,1,1,1,February,Tuesday,Clear,Dawn,26.1758,-80.2034
120578,FLORIDA,WESTON,BROWARD,Urban,Four-Way Intersection,SADDLE CLUB RD,INDIAN TRACE,Pedestrian,1,0,1,1,0,1,1,1,1,February,Sunday,Clear,Daylight,26.1167,-80.3941
120579,FLORIDA,LAUDERDALE LAKES,BROWARD,Urban,Not an Intersection,SR-7,,Pedestrian,1,0,1,1,0,1,1,1,1,February,Wednesday,Clear,Dark - Lighted,26.1759,-80.2035
120580,FLORIDA,OAKLAND PARK,BROWARD,Urban,Four-Way Intersection,SR-816,16TH AV NE,Pedalcyclist,1,0,1,1,0,1,1,1,1,February,Wednesday,Clear,Dark - Lighted,26.1668,-80.1261
120581,FLORIDA,PARKLAND,BROWARD,Urban,Not an Intersection,HILLSBORO BLVD,,Pedalcyclist,1,0,1,1,0,1,1,1,1,March,Thursday,Clear,Dark - Not Lighted,26.3307,-80.2185
120582,FLORIDA,OAKLAND PARK,BROWARD,Rural,Four-Way Intersection,SR-811,NE 56TH ST,Pedestrian,1,0,2,1,1,2,2,1,1,March,Monday,Clear,Daylight,26.1960,-80.1324
120583,FLORIDA,POMPANO BEACH,BROWARD,Urban,Four-Way Intersection,US-1,10TH ST,Pedalcyclist,1,0,1,1,0,1,1,3,3,March,Thursday,Clear,Dark - Lighted,26.2431,-80.1021
120584,FLORIDA,POMPANO BEACH,BROWARD,Urban,Not an Intersection,SR-834,,Pedestrian,1,0,1,1,0,1,1,1,1,March,Sunday,Clear,Dark - Lighted,26.2747,-80.1389
120585,FLORIDA,WEST PALM BEACH,PALM BEACH,Urban,Not an Intersection,SR-882,,Pedestrian,1,0,1,1,0,1,1,1,1,January,Thursday,Rain,Dark - Lighted,26.6553,-80.0629
120587,FLORIDA,Not Applicable,POLK,Rural,T-Intersection,US-92,LYNCHBURG RD,Motor Vehicle in Transport,1,1,2,2,0,0,0,3,3,January,Monday,Clear,Dusk,28.0677,-81.7515
120588,FLORIDA,Not Applicable,POLK,Trafficway Not in State Inventory,Not an Intersection,CAMP MACK RD,,Fence,1,1,1,1,0,0,0,1,1,February,Monday,Clear,Daylight,27.9368,-81.4326
120589,FLORIDA,Not Applicable,POLK,Rural,Not an Intersection,SR-60,,Ditch,1,0,1,1,0,0,0,1,1,March,Monday,Clear,Daylight,27.9040,-81.8462
120590,FLORIDA,MIAMI GARDENS,MIAMI-DADE,Urban,Not an Intersection,154TH ST,,Pedestrian,1,0,1,1,0,1,1,1,1,February,Saturday,Rain,Dark - Lighted,25.9148,-80.2353
120591,FLORIDA,DELTONA,VOLUSIA,Urban,Not an Intersection,PROVIDENCE BLVD,,Traffic Sign Support,1,1,1,1,0,0,0,1,1,February,Wednesday,Cloudy,Dark - Lighted,28.9191,-81.2216
120592,FLORIDA,SAINT PETERSBURG,PINELLAS,Urban,Four-Way Intersection,31ST ST,26TH AVE,Non-Motorist on Personal Conveyance,1,0,1,1,0,1,1,1,1,January,Tuesday,Cloudy,Dark - Lighted,27.7447,-82.6752
120593,FLORIDA,SAINT PETERSBURG,PINELLAS,Urban,Not an Intersection,US-19,,Pedestrian,1,0,1,1,0,1,1,1,1,February,Sunday,Clear,Daylight,27.7560,-82.6793
120594,FLORIDA,SAINT PETERSBURG,PINELLAS,Urban,Not an Intersection,18TH AVE,,Pedestrian,1,0,1,1,0,1,1,3,3,March,Thursday,Clear,Dark - Lighted,27.7520,-82.6616
120595,FLORIDA,KISSIMMEE,OSCEOLA,Urban,Not an Intersection,CR-525,,Pedestrian,1,0,1,1,0,1,1,1,1,February,Saturday,Clear,Dark - Not Lighted,28.3245,-81.4162
120596,FLORIDA,KISSIMMEE,OSCEOLA,Urban,Not an Intersection,THACKER AVE,,Traffic Sign Support,1,0,3,3,0,0,0,3,3,March,Wednesday,Clear,Daylight,28.2865,-81.4242
120597,FLORIDA,BOYNTON BEACH,PALM BEACH,Urban,T-Intersection,SUMMIT DR,COCONUT LN,Pedestrian,1,0,1,1,0,1,1,1,1,February,Monday,Clear,Daylight,26.4895,-80.1109
120598,FLORIDA,ORLANDO,ORANGE,Urban,Four-Way Intersection,TRADEPORT DR,CENTERPORT ST,Motor Vehicle in Transport,1,0,4,4,0,0,0,6,6,March,Friday,Clear,Daylight,28.4303,-81.3346
120599,FLORIDA,ORLANDO,ORANGE,Urban,Not an Intersection,SR-50,,Non-Motorist on Personal Conveyance,1,0,2,2,0,1,1,2,2,March,Friday,Clear,Dark - Lighted,28.5531,-81.3792
120600,FLORIDA,SUNRISE,BROWARD,Urban,Not an Intersection,29TH MNR,122ND AVE,Pedestrian,1,0,1,1,0,1,1,1,1,March,Wednesday,Clear,Daylight,26.1625,-80.3110
120602,FLORIDA,DAYTONA BEACH,VOLUSIA,Urban,Not an Intersection,SR-5A,,Pedestrian,1,0,1,1,0,1,1,3,3,March,Sunday,Clear,Daylight,29.2222,-81.0487
120603,FLORIDA,Not Applicable,MIAMI-DADE,Urban,Not an Intersection,SR-916,,Pedestrian,1,0,1,1,0,1,1,2,2,March,Saturday,Clear,Dark - Lighted,25.8989,-80.1957
120604,FLORIDA,Not Applicable,MARTIN,Rural,Not an Intersection,KANNER HWY,SR-76,Pedalcyclist,1,0,1,1,0,1,1,1,1,March,Friday,Cloudy,Daylight,27.0096,-80.4603
120605,FLORIDA,Not Applicable,HILLSBOROUGH,Urban,Not an Intersection,SR-597,,Pedestrian,1,0,1,1,0,1,1,1,1,March,Saturday,Cloudy,Dark - Lighted,28.0771,-82.5067
120606,FLORIDA,NORTH MIAMI BEACH,MIAMI-DADE,Urban,Not an Intersection,10TH AVE,,Pedestrian,1,0,1,1,0,1,1,1,1,March,Sunday,Clear,Dark - Lighted,25.9384,-80.1805
120607,FLORIDA,SAINT AUGUSTINE,ST. JOHNS,Urban,T-Intersection,SR-A1A,MENENDEZ DRIVE,Non-Motorist on Personal Conveyance,1,0,1,1,0,1,1,1,1,March,Thursday,Clear,Daylight,29.8900,-81.2943
120608,FLORIDA,FORT LAUDERDALE,BROWARD,Urban,T-Intersection,SR-A1A,MIAMI RD,Pedestrian,1,0,1,1,0,1,1,5,5,March,Monday,Clear,Dark - Lighted,26.0891,-80.1363
120609,FLORIDA,INDIAN SHORES,PINELLAS,Urban,Not an Intersection,197TH AVE,,Pedestrian,1,0,1,1,0,1,1,0,0,March,Wednesday,Clear,Daylight,27.8571,-82.8455
120610,FLORIDA,TAMPA,HILLSBOROUGH,Urban,Four-Way Intersection,SR-574,17TH ST,Pedestrian,1,0,1,1,0,1,1,3,3,March,Friday,Clear,Dark - Not Lighted,27.9815,-82.4400
120611,FLORIDA,LAKELAND,POLK,Urban,Not an Intersection,US-98,,Pedestrian,1,0,1,1,0,1,1,1,1,March,Tuesday,Clear,Dark - Lighted,28.0775,-81.9624
120612,FLORIDA,CASSELBERRY,SEMINOLE,Urban,Not an Intersection,SR-436,,Pedestrian,1,0,1,1,0,1,1,1,1,March,Saturday,Rain,Dark - Lighted,28.6259,-81.3162
120614,FLORIDA,SARASOTA,SARASOTA,Urban,Not an Intersection,US-301,,Pedestrian,1,0,1,1,0,1,1,1,1,January,Wednesday,Rain,Dark - Lighted,27.3572,-82.5303
120615,FLORIDA,MIAMI,MIAMI-DADE,Urban,Four-Way Intersection,SR-934,NW 7TH AVE,Non-Motorist on Personal Conveyance,1,0,1,1,0,1,1,1,1,April,Saturday,Clear,Dawn,25.8470,-80.2091
120616,FLORIDA,SARASOTA,SARASOTA,Urban,Not an Intersection,US-301,,Pedalcyclist,1,0,1,1,0,1,1,1,1,January,Sunday,Clear,Dark - Lighted,27.3425,-82.5310
120617,FLORIDA,ORLANDO,ORANGE,Urban,Not an Intersection,SR-438,,Pedestrian,1,0,1,1,0,1,1,1,1,March,Thursday,Clear,Dark - Not Lighted,28.5780,-81.4410
120618,FLORIDA,JACKSONVILLE,DUVAL,Rural,Not an Intersection,MATTHEW UNGER DR,,Pedestrian,1,0,1,1,0,1,1,1,1,April,Thursday,Cloudy,Dark - Not Lighted,30.3345,-81.4853
120619,FLORIDA,TALLAHASSEE,LEON,Rural,Not an Intersection,THARPE ST,,Pedestrian,1,0,1,1,0,1,1,2,2,April,Sunday,Clear,Dark - Lighted,30.4654,-84.3335
120620,FLORIDA,MIAMI,MIAMI-DADE,Urban,Four-Way Intersection,SR-9,14 STREET,Motor Vehicle in Transport,1,0,2,2,0,0,0,3,3,April,Thursday,Clear,Daylight,25.7868,-80.2395
120621,FLORIDA,Not Applicable,INDIAN RIVER,Urban,Four-Way Intersection,OSLO RD,66TH AVENUE,Motor Vehicle in Transport,1,0,3,3,0,0,0,3,3,March,Wednesday,Cloudy,Daylight,27.5876,-80.4634
120622,FLORIDA,NORTH PORT,SARASOTA,Rural,Not an Intersection,PANACEA BLVD,,Motor Vehicle in Transport,1,0,2,2,0,0,0,2,2,April,Monday,Clear,Daylight,27.0845,-82.1198
120623,FLORIDA,LIGHTHOUSE POINT,BROWARD,Urban,T-Intersection,US-1,25 ST,Motor Vehicle in Transport,1,0,2,2,0,0,0,3,3,April,Friday,Clear,Dark - Not Lighted,26.2625,-80.0991
120624,FLORIDA,FORT MYERS,LEE,Urban,T-Intersection,SR-82,FLINT DR,Motor Vehicle in Transport,1,0,2,2,0,0,0,2,2,March,Thursday,Clear,Daylight,26.6413,-81.8327
120625,FLORIDA,BOCA RATON,PALM BEACH,Urban,Not an Intersection,I-95 RAMP,,Other Object (Not Fixed),1,1,1,1,0,0,0,1,1,March,Friday,Cloudy,Dark - Lighted,26.3945,-80.0933
120626,FLORIDA,Not Applicable,MANATEE,Rural,Y-Intersection,I-75,I-275,Bridge Pier or Support,1,0,1,1,0,0,0,1,1,March,Monday,Clear,Dark - Lighted,27.4469,-82.4977
120627,FLORIDA,Not Applicable,MIAMI-DADE,Urban,T-Intersection,SR-874,SR-990,Concrete Traffic Barrier,1,1,1,1,0,0,0,1,1,March,Monday,Rain,Dark - Lighted,25.6438,-80.3357
120628,FLORIDA,Not Applicable,OSCEOLA,Urban,Not an Intersection,DEER PARK ROAD,,Ditch,1,1,1,1,0,0,0,1,1,April,Sunday,Clear,Daylight,28.1011,-80.8979
120629,FLORIDA,Not Applicable,LEVY,Rural,Not an Intersection,US-19,,Motor Vehicle in Transport,2,0,2,2,0,0,0,3,3,March,Monday,Cloudy,Dawn,29.4169,-82.8232
120630,FLORIDA,Not Applicable,LEE,Rural,Not an Intersection,I-75,,Rollover/Overturn,1,1,1,1,0,0,0,1,1,March,Sunday,Clear,Daylight,26.4029,-81.7725
120631,FLORIDA,Not Applicable,VOLUSIA,Urban,Not an Intersection,S GLENCOE ROAD,GLENHAVEN STREET,Utility Pole/Light Support,1,1,1,1,0,0,0,1,1,March,Wednesday,Clear,Daylight,28.9959,-80.9668
120632,FLORIDA,Not Applicable,BAKER,Rural,T-Intersection,CR-125,ODIS YARBOROUGH RD,Motor Vehicle in Transport,1,0,2,2,0,0,0,3,3,April,Friday,Cloudy,Dark - Not Lighted,30.3390,-82.1964
120633,FLORIDA,Not Applicable,LEE,Urban,Four-Way Intersection,SUMMERLIN RD,JOHN MORRIS RD,Motor Vehicle in Transport,1,1,2,2,0,0,0,2,2,March,Tuesday,Clear,Dark - Lighted,26.4937,-81.9678
120634,FLORIDA,Not Applicable,VOLUSIA,Urban,Not an Intersection,US-92,,Motor Vehicle in Transport,1,1,2,2,0,0,0,2,2,April,Sunday,Clear,Dark - Not Lighted,29.0624,-81.2650
120635,FLORIDA,Not Applicable,ALACHUA,Rural,Not an Intersection,SR-24,90TH STREET,Motor Vehicle in Transport,1,0,2,2,0,0,0,2,2,April,Thursday,Cloudy,Daylight,29.7521,-82.2190
120636,FLORIDA,Not Applicable,VOLUSIA,Urban,Four-Way Intersection,SR-44,CR-4053,Motor Vehicle in Transport,4,0,3,3,0,0,0,6,6,April,Tuesday,Clear,Daylight,29.0267,-81.3466
120637,FLORIDA,Not Applicable,WALTON,Rural,Not an Intersection,SR-20,,Motor Vehicle in Transport,1,1,2,2,0,0,0,2,2,April,Friday,Clear,Daylight,30.5104,-86.1984
120638,FLORIDA,Not Applicable,SARASOTA,Rural,Not an Intersection,I-75,,Pedestrian,1,0,1,1,0,1,1,1,1,March,Thursday,Clear,Dark - Not Lighted,27.0986,-82.1336
120639,FLORIDA,Not Applicable,MANATEE,Urban,Four-Way Intersection,US-41,ORLANDO AVE,Motor Vehicle in Transport,1,0,2,2,0,0,0,2,2,April,Saturday,Clear,Daylight,27.4583,-82.5753
120640,FLORIDA,Not Applicable,MANATEE,Urban,Not an Intersection,US-41,,Rollover/Overturn,1,1,2,2,0,0,0,3,3,April,Sunday,Clear,Dark - Lighted,27.3977,-82.5635
120641,FLORIDA,Not Applicable,ORANGE,Urban,Not an Intersection,US-441,,Pedestrian,1,0,2,2,0,1,1,2,2,March,Tuesday,Rain,Dark - Not Lighted,28.6136,-81.4336
120642,FLORIDA,Not Applicable,OSCEOLA,Rural,Four-Way Intersection,US-17,PLEASANT HILL RD,Pedestrian,1,0,1,1,0,1,1,1,1,April,Wednesday,Clear,Dark - Not Lighted,28.2605,-81.4362
120643,FLORIDA,Not Applicable,ESCAMBIA,Rural,Not an Intersection,CR-182,ANGUS LANE,Motor Vehicle in Transport,1,0,2,2,0,0,0,2,2,April,Sunday,Clear,Daylight,30.7175,-87.3700
120644,FLORIDA,Not Applicable,OSCEOLA,Urban,T-Intersection,US-192,INTERNATIONAL DR,Motor Vehicle in Transport,1,0,2,2,0,0,0,2,2,April,Tuesday,Clear,Daylight,28.3329,-81.5210
120645,FLORIDA,Not Applicable,HILLSBOROUGH,Urban,Four-Way Intersection,US-41,TOWAWAY AVE,Motor Vehicle in Transport,1,1,2,2,0,0,0,2,2,April,Monday,Clear,Dark - Not Lighted,27.9163,-82.4021
120646,FLORIDA,Not Applicable,OKALOOSA,Urban,Four-Way Intersection,LAKE SILVER RD,CRICKET LN,Rollover/Overturn,1,1,1,1,0,0,0,1,1,April,Monday,Clear,Dark - Not Lighted,30.8240,-86.5751
120647,FLORIDA,JACKSONVILLE,DUVAL,Urban,Not an Intersection,US-1,,Pedestrian,1,0,1,1,0,1,1,1,1,April,Wednesday,Cloudy,Dark - Lighted,30.3593,-81.6536
120648,FLORIDA,PALMETTO,MANATEE,Urban,Not an Intersection,US-301 N,,Motor Vehicle in Transport,1,0,2,2,0,0,0,3,3,April,Sunday,Clear,Dark - Lighted,27.4876,-82.5629
120649,FLORIDA,SUNRISE,BROWARD,Urban,Four-Way Intersection,HIATUS RD,44TH ST,Motor Vehicle in Transport,1,0,3,3,0,0,0,4,4,April,Saturday,Clear,Dark - Lighted,26.1790,-80.2908
120650,FLORIDA,MARIANNA,JACKSON,Urban,Not an Intersection,US-90,,Pedalcyclist,1,0,1,1,0,1,1,1,1,March,Thursday,Cloudy,Daylight,30.7821,-85.2464
120651,FLORIDA,ORLANDO,ORANGE,Urban,Not an Intersection,JOHN YOUNG PKWY,,Motor Vehicle in Transport,1,1,3,3,0,0,0,5,5,April,Tuesday,Clear,Dark - Unknown Lighting,28.3725,-81.4259
120652,FLORIDA,Not Applicable,ORANGE,Urban,Not an Intersection,US-17,,Pedestrian,1,0,1,1,0,1,1,2,2,March,Sunday,Clear,Daylight,28.4973,-81.3969
120654,FLORIDA,TAMPA,HILLSBOROUGH,Urban,Not an Intersection,SR-580,HESPERIDES ST,Motor Vehicle in Transport,1,1,2,2,0,0,0,2,2,April,Friday,Cloudy,Dark - Lighted,27.9961,-82.5197
120655,FLORIDA,Not Applicable,POLK,Rural,Not an Intersection,US-92,,Motor Vehicle in Transport,1,1,2,2,0,0,0,2,2,March,Friday,Clear,Dark - Not Lighted,28.0482,-81.9222
120656,FLORIDA,CLEARWATER,PINELLAS,Urban,Not an Intersection,SR-60,,Pedestrian,1,0,1,1,0,1,1,1,1,April,Monday,Clear,Dark - Not Lighted,27.9606,-82.7098
120658,FLORIDA,HOLLYWOOD,BROWARD,Urban,Four-Way Intersection,SR-822,25TH AV,Motor Vehicle in Transport,1,1,3,2,1,0,0,3,3,March,Monday,Clear,Daylight,26.0334,-80.1574
120659,FLORIDA,Not Applicable,NASSAU,Urban,Not an Intersection,CRANDALL RD,,Rollover/Overturn,1,1,1,1,0,0,0,3,3,April,Monday,Clear,Daylight,30.6836,-81.6345
120660,FLORIDA,Not Applicable,PUTNAM,Rural,Not an Intersection,US-17,,Culvert,1,0,1,1,0,0,0,1,1,March,Thursday,Clear,Dark - Not Lighted,29.5623,-81.6581
120661,FLORIDA,Not Applicable,MARION,Rural,Not an Intersection,CR-484,,Motor Vehicle in Transport,1,0,2,2,0,0,0,3,3,March,Saturday,Cloudy,Dark - Not Lighted,29.0520,-82.2615
120662,FLORIDA,MIDWAY,GADSDEN,Rural,Not an Intersection,I-10,,Motor Vehicle in Transport,1,0,2,2,0,0,0,2,2,March,Sunday,Rain,Daylight,30.4891,-84.4239
120663,FLORIDA,Not Applicable,CHARLOTTE,Rural,Not an Intersection,I-75,,Pedestrian,1,0,1,1,0,1,1,1,1,March,Monday,Clear,Dark - Not Lighted,26.8116,-81.9325
120665,FLORIDA,Not Applicable,HERNANDO,Urban,Not an Intersection,NEFF LAKE RD,,Pedestrian,1,0,1,1,0,4,4,1,1,April,Friday,Clear,Daylight,28.4818,-82.3195
120666,FLORIDA,Not Applicable,DE SOTO,Rural,T-Intersection,SR-31,CR-760A,Motor Vehicle in Transport,1,0,2,2,0,0,0,2,2,April,Monday,Clear,Dark - Lighted,27.1508,-81.8075
120667,FLORIDA,Not Applicable,SUWANNEE,Urban,T-Intersection,US-129,I-10 RAMP,Motor Vehicle in Transport,1,0,2,2,0,0,0,3,3,April,Thursday,Clear,Dawn,30.3312,-82.9619
120668,FLORIDA,Not Applicable,SEMINOLE,Urban,Not an Intersection,I-4,,Rollover/Overturn,1,0,1,1,0,0,0,2,2,March,Thursday,Cloudy,Dusk,28.7079,-81.3802
120669,FLORIDA,Not Applicable,SEMINOLE,Urban,Not an Intersection,I-4,,Guardrail Face,2,0,1,1,0,0,0,7,7,March,Saturday,Clear,Daylight,28.7198,-81.3760
120670,FLORIDA,Not Applicable,SEMINOLE,Urban,Not an Intersection,I-4,,Motor Vehicle in Transport,2,1,2,2,0,0,0,3,3,March,Sunday,Clear,Daylight,28.7950,-81.3458
120671,FLORIDA,Not Applicable,PASCO,Urban,T-Intersection,US-41,LEONARD RD,Motor Vehicle in Transport,1,0,2,2,0,0,0,3,3,April,Friday,Clear,Daylight,28.1886,-82.4663
120672,FLORIDA,Not Applicable,FLAGLER,Rural,Not an Intersection,SR-A1A,,Motor Vehicle in Transport,2,1,4,4,0,0,0,8,8,March,Friday,Clear,Dusk,29.5437,-81.1590
120673,FLORIDA,JACKSONVILLE,DUVAL,Urban,T-Intersection,US-17,I-295,Motor Vehicle in Transport,1,0,2,2,0,0,0,3,3,April,Friday,Clear,Dark - Lighted,30.4575,-81.6358
120675,FLORIDA,Not Applicable,MIAMI-DADE,Urban,Not an Intersection,I-95,,Motor Vehicle in Transport,1,0,2,2,0,0,0,5,5,April,Wednesday,Clear,Daylight,25.8693,-80.2085
120676,FLORIDA,Not Applicable,ORANGE,Urban,T-Intersection,6TH ST,18329 BELLMORE AVE,Traffic Sign Support,1,1,1,1,0,1,1,1,1,April,Saturday,Clear,Dark - Not Lighted,28.5844,-81.1081
120677,FLORIDA,Not Applicable,ORANGE,Urban,T-Intersection,SR-50,BERKELEY ST,Motor Vehicle in Transport,1,1,2,2,0,0,0,2,2,April,Monday,Clear,Dark - Not Lighted,28.5518,-81.1016
120678,FLORIDA,Not Applicable,BAY,Rural,Not an Intersection,SR-77,WOODLAND RD,Motor Vehicle in Transport,1,1,2,2,0,0,0,3,3,April,Thursday,Clear,Dark - Not Lighted,30.3989,-85.6894
120679,FLORIDA,Not Applicable,JACKSON,Rural,Not an Intersection,SR-71,,Motor Vehicle in Transport,1,0,2,2,0,0,0,3,3,April,Tuesday,Clear,Daylight,30.8038,-85.1786
120680,FLORIDA,APOPKA,ORANGE,Urban,Not an Intersection,SR-414,,Rollover/Overturn,1,0,1,1,0,0,0,1,1,April,Wednesday,Clear,Daylight,28.6529,-81.5286
120681,FLORIDA,SAINT PETERSBURG,PINELLAS,Urban,Not Reported,US-19,22ND AVE,Motor Vehicle in Transport,1,1,3,3,0,0,0,3,3,April,Saturday,Clear,Dark - Lighted,27.7486,-82.6793
120682,FLORIDA,SAINT PETERSBURG,PINELLAS,Rural,Not an Intersection,DR MLK ST,,Tree (Standing Only),1,0,1,1,0,0,0,1,1,March,Thursday,Clear,Daylight,27.8125,-82.6469
120683,FLORIDA,Not Applicable,COLUMBIA,Rural,T-Intersection,US-27,CR-138,Motor Vehicle in Transport,1,0,2,2,0,0,0,4,4,April,Friday,Clear,Dark - Not Lighted,29.8532,-82.6413
120684,FLORIDA,Not Applicable,MIAMI-DADE,Urban,Not an Intersection,SR-817,NORTHWEST 159TH ST,Motor Vehicle in Transport,2,0,2,2,0,0,0,3,3,April,Saturday,Clear,Dark - Lighted,25.9191,-80.2443
120685,FLORIDA,Not Applicable,ORANGE,Urban,Four-Way Intersection,SR-429,SCHOFIELD ROAD,Motor Vehicle in Transport,1,0,2,2,0,0,0,2,2,March,Wednesday,Clear,Daylight,28.4488,-81.6430
120686,FLORIDA,Not Applicable,LEVY,Rural,Four-Way Intersection,US-27,CR-335,Motor Vehicle in Transport,1,0,2,2,0,0,0,4,4,April,Monday,Clear,Daylight,29.4413,-82.4660