ST_CASE,STATE_NAME,CITY_NAME,COUNTY_NAME,RUR_URB_NAME,TYP_INT_NAME,TWAY_ID,TWAY_ID2,HARM_EV_NAME,FATALS,DRUNK_DR,VE_TOTAL,VE_FORMS,PVH_INVL,PEDS,PERNOTMVIT,PERMVIT,PERSONS,MONTH_NAME,DAY_WEEK_NAME,WEATHER_NAME,LGT_COND_NAME,LATITUDE,LONGITUD
121638,FLORIDA,Not Applicable,INDIAN RIVER,Rural,Not an Intersection,SR-60,,Tree (Standing Only),1,1,1,1,0,0,0,1,1,July,Monday,Clear,Dark - Lighted,27.6391,-80.4795
121639,FLORIDA,Not Applicable,MARION,Rural,Not an Intersection,CR-484,,Motor Vehicle in Transport,1,0,2,2,0,0,0,2,2,August,Friday,Cloudy,Daylight,29.0261,-82.2219
121640,FLORIDA,Not Applicable,PASCO,Rural,Not an Intersection,SR-55,,Pedestrian,1,0,1,1,0,1,1,1,1,July,Tuesday,Clear,Dark - Lighted,28.3427,-82.6991
121641,FLORIDA,Not Applicable,PASCO,Rural,Not an Intersection,CR-35,,Motor Vehicle in Transport,1,0,2,2,0,0,0,4,4,August,Tuesday,Rain,Daylight,28.3432,-82.1713
121642,FLORIDA,Not Applicable,PASCO,Rural,Not an Intersection,SR-52,,"Other Post, Other Pole, or Other Support",1,0,1,1,0,0,0,1,1,July,Saturday,Cloudy,Daylight,28.3243,-82.3483
121643,FLORIDA,Not Applicable,OSCEOLA,Rural,Not an Intersection,CR-530,,Tree (Standing Only),1,1,1,1,0,0,0,2,2,August,Saturday,Clear,Dark - Not Lighted,28.3337,-81.2969
121644,FLORIDA,MADISON,MADISON,Urban,Not an Intersection,SR-53,,Motor Vehicle in Transport,1,1,2,2,0,0,0,2,2,August,Friday,Clear,Daylight,30.4735,-83.4151
121645,FLORIDA,Not Applicable,PASCO,Rural,Not an Intersection,SR-55,,Pedalcyclist,1,0,1,1,0,1,1,2,2,August,Wednesday,Clear,Dark - Lighted,28.3434,-82.6991
121646,FLORIDA,Not Applicable,ESCAMBIA,Urban,Not an Intersection,SR-292,,Pedalcyclist,1,0,1,1,0,1,1,5,5,August,Monday,Clear,Dark - Lighted,30.3637,-87.3499
121647,FLORIDA,TAMPA,HILLSBOROUGH,Urban,Not an Intersection,SR-60,,Motor Vehicle in Transport,1,0,2,2,0,0,0,2,2,July,Saturday,Clear,Dark - Lighted,27.9677,-82.5698
121648,FLORIDA,TAMPA,HILLSBOROUGH,Urban,Not an Intersection,FOWLER AVE E,,Pedestrian,1,0,1,1,0,1,1,1,1,August,Tuesday,Rain,Dark - Lighted,28.0545,-82.4303
121649,FLORIDA,Not Applicable,HILLSBOROUGH,Rural,Four-Way Intersection,CR-576,KELLY RD,Motor Vehicle in Transport,1,1,2,2,0,0,0,3,3,August,Monday,Cloudy,Dark - Lighted,27.9817,-82.5649
121650,FLORIDA,SUNRISE,BROWARD,Urban,Not an Intersection,SR-816,,Motor Vehicle in Transport,1,0,2,2,0,0,0,3,3,July,Friday,Clear,Daylight,26.1700,-80.2860
121651,FLORIDA,DAYTONA BEACH,VOLUSIA,Urban,T-Intersection,SR-400 BEVILLE RD,GOLFVIEW DR,Motor Vehicle in Transport,1,0,2,2,0,0,0,2,2,August,Wednesday,Clear,Dark - Lighted,29.1813,-81.0136
121652,FLORIDA,Not Applicable,GADSDEN,Rural,Not an Intersection,I-10,,Tree (Standing Only),1,0,1,1,0,0,0,1,1,August,Wednesday,Clear,Daylight,30.5264,-84.5005
121653,FLORIDA,HOMESTEAD,MIAMI-DADE,Urban,Not an Intersection,SR-821,SR-5,Guardrail Face,1,0,1,1,0,0,0,2,2,July,Friday,Rain,Daylight,25.4511,-80.4757
121654,FLORIDA,LAKELAND,POLK,Urban,Not an Intersection,US-92,,Motor Vehicle in Transport,2,0,2,2,0,0,0,5,5,August,Sunday,Rain,Daylight,28.0549,-81.9670
121655,FLORIDA,Not Applicable,HAMILTON,Rural,Not an Intersection,SR-93,,Pedestrian,1,0,2,2,0,1,1,7,7,August,Wednesday,Clear,Dark - Lighted,30.6031,-83.1282
121656,FLORIDA,GREENACRES CITY,PALM BEACH,Rural,Four-Way Intersection,1ST STREET,MARTIN AVE,Motor Vehicle in Transport,1,1,2,2,0,0,0,5,5,March,Wednesday,Clear,Daylight,26.6212,-80.1264
121657,FLORIDA,Not Applicable,PALM BEACH,Rural,Not an Intersection,MILITARY TRL,,Curb,1,0,3,3,0,0,0,3,3,March,Wednesday,Rain,Dark - Lighted,26.5266,-80.1230
121658,FLORIDA,PUNTA GORDA,CHARLOTTE,Urban,Not an Intersection,US-41 TAMIAMI TRL,,Utility Pole/Light Support,1,0,1,1,0,0,0,1,1,July,Saturday,Clear,Daylight,26.8921,-82.0244
121659,FLORIDA,Not Applicable,BROWARD,Rural,Not an Intersection,JOHNSON ST,,Pedestrian,1,0,1,1,0,1,1,1,1,August,Wednesday,Cloudy,Daylight,26.0159,-80.2654
121660,FLORIDA,AVENTURA,MIAMI-DADE,Trafficway Not in State Inventory,Not an Intersection,POINT DR,,Pedestrian,1,0,1,1,0,1,1,1,1,August,Friday,Clear,Daylight,25.9421,-80.1460
121661,FLORIDA,NORTH PORT,SARASOTA,Rural,Not an Intersection,TROPICAIRE BLVD,,Pedalcyclist,1,0,1,1,0,1,1,1,1,August,Monday,Rain,Daylight,27.1140,-82.1967
121662,FLORIDA,TAMPA,HILLSBOROUGH,Urban,Not an Intersection,SR-508,,Motor Vehicle in Transport,1,0,2,2,0,0,0,2,2,August,Monday,Cloudy,Dark - Not Lighted,27.9962,-82.5410
121663,FLORIDA,LAKE WALES,POLK,Urban,Not an Intersection,SR-17,,Motor Vehicle in Transport,1,0,3,3,0,0,0,4,4,July,Sunday,Clear,Daylight,27.9176,-81.5924
121664,FLORIDA,HIALEAH,MIAMI-DADE,Urban,Four-Way Intersection,12TH AVE,68TH ST,Motor Vehicle in Transport,1,1,2,2,0,0,0,3,3,August,Sunday,Clear,Dark - Lighted,25.8841,-80.3076
121665,FLORIDA,DAVIE,BROWARD,Urban,Not an Intersection,SR-818,,Curb,1,0,1,1,0,0,0,1,1,July,Tuesday,Clear,Dark - Lighted,26.0627,-80.2108
121666,FLORIDA,NORTH MIAMI,MIAMI-DADE,Urban,Not an Intersection,BISCAYNE BLVD,,Pedestrian,1,0,1,1,0,1,1,1,1,August,Sunday,Rain,Dark - Lighted,25.8962,-80.1617
121667,FLORIDA,MIAMI,MIAMI-DADE,Urban,Not an Intersection,57TH ST,2ND AVE,Pedestrian,1,0,1,1,0,1,1,1,1,July,Saturday,Clear,Dark - Lighted,25.8278,-80.1919
121670,FLORIDA,JACKSONVILLE,DUVAL,Urban,Not an Intersection,SR-105,HERITAGE RIVER RD,Motor Vehicle in Transport,1,0,2,2,0,0,0,2,2,August,Thursday,Clear,Daylight,30.3998,-81.4776
121671,FLORIDA,TAMARAC,BROWARD,Urban,Four-Way Intersection,MCNAB RD,70TH AVE,Motor Vehicle in Transport,1,1,2,2,0,0,0,2,2,August,Sunday,Clear,Dark - Lighted,26.2083,-80.2452
121672,FLORIDA,DAYTONA BEACH,VOLUSIA,Urban,Not an Intersection,US-1 SR-5 N RIDGEWOOD AVE,,Pedalcyclist,1,0,1,1,0,1,1,3,3,August,Thursday,Rain,Daylight,29.2246,-81.0301
121673,FLORIDA,Not Applicable,HILLSBOROUGH,Rural,Not an Intersection,CR-589,,Pedestrian,1,0,1,1,0,1,1,1,1,March,Sunday,Clear,Dark - Not Lighted,28.0168,-82.5830
121674,FLORIDA,CORAL SPRINGS,BROWARD,Rural,Four-Way Intersection,114TH LN,W SAMPLE RD,Motor Vehicle in Transport,1,0,2,2,0,0,0,2,2,April,Saturday,Clear,Dark - Lighted,26.2728,-80.2802
121675,FLORIDA,Not Applicable,MIAMI-DADE,Rural,Not an Intersection,284TH ST,,Pedestrian,1,0,1,1,0,1,1,2,2,May,Sunday,Clear,Dark - Not Lighted,25.5037,-80.4080
121676,FLORIDA,MIAMI SPRINGS,MIAMI-DADE,Urban,T-Intersection,SR-948,MINOLA DR,Motor Vehicle in Transport,1,0,2,2,0,0,0,2,2,June,Tuesday,Rain,Daylight,25.8080,-80.2754
121677,FLORIDA,HAMMONDVILLE,BROWARD,Urban,Four-Way Intersection,SR-814,PALM LAKES PLAZA,Motor Vehicle in Transport,1,0,2,2,0,0,0,3,3,July,Sunday,Clear,Daylight,26.2353,-80.2048
121678,FLORIDA,DEERFIELD BEACH,BROWARD,Urban,Not an Intersection,SR-845,,Utility Pole/Light Support,1,0,1,1,0,0,0,2,2,July,Wednesday,Clear,Daylight,26.3185,-80.1527
121679,FLORIDA,NICEVILLE,OKALOOSA,Urban,Not an Intersection,SR-20 JOHN SIMS PKWY,,Pedestrian,1,0,1,1,0,1,1,2,2,July,Friday,Clear,Dark - Not Lighted,30.5159,-86.4661
121680,FLORIDA,Not Applicable,BAY,Urban,Y-Intersection,RESOTA BEACH RD,RESOTA LN,Tree (Standing Only),1,0,1,1,0,0,0,2,2,July,Saturday,Clear,Dawn,30.2858,-85.6001
121682,FLORIDA,LAKE PARK,PALM BEACH,Urban,Not an Intersection,CONGRESS AVENUE,,"Other Post, Other Pole, or Other Support",1,0,1,1,0,0,0,1,1,May,Sunday,Clear,Daylight,26.5323,-80.0903
121683,FLORIDA,Not Applicable,PALM BEACH,Rural,Not an Intersection,WINTERHAWK TRL,,Rollover/Overturn,1,1,1,1,0,0,0,1,1,April,Saturday,Cloudy,Daylight,26.9423,-80.2107
121684,FLORIDA,ATLANTIS,PALM BEACH,Urban,Not an Intersection,CONGRESS AVE,,Curb,1,1,2,1,1,0,0,1,1,March,Wednesday,Rain,Dark - Lighted,26.5938,-80.0932
121685,FLORIDA,ROYAL PALM BEACH,PALM BEACH,Urban,Not an Intersection,US-98,SOUTHERN BOULEVARD,Rollover/Overturn,1,0,1,1,0,0,0,1,1,March,Friday,Cloudy,Dark - Lighted,26.6813,-80.2301
121686,FLORIDA,WEST BRADENTON,MANATEE,Urban,Not an Intersection,US-41,,Utility Pole/Light Support,1,1,1,1,0,0,0,1,1,August,Monday,Clear,Dark - Lighted,27.4835,-82.5632
121687,FLORIDA,Not Applicable,SANTA ROSA,Rural,Not an Intersection,ESPLANADE ST,,Pedestrian,1,1,1,1,0,1,1,1,1,August,Wednesday,Rain,Dark - Not Lighted,30.4066,-86.8687
121688,FLORIDA,ATLANTIC BEACH,DUVAL,Urban,Not an Intersection,SR-10,,Pedestrian,1,0,1,1,0,1,1,1,1,August,Friday,Clear,Dark - Lighted,30.3245,-81.4152
121689,FLORIDA,Not Applicable,ALACHUA,Urban,Four-Way Intersection,75TH ST,36TH AVE,Motor Vehicle in Transport,1,0,2,2,0,0,0,3,3,August,Wednesday,Clear,Dawn,29.6211,-82.4225
121690,FLORIDA,BOCA RATON,PALM BEACH,Rural,Four-Way Intersection,BOYNTON BEACH BLVD,NW 6TH ST,Motor Vehicle in Transport,1,0,2,2,0,0,0,2,2,April,Friday,Clear,Daylight,26.3558,-80.0898
121691,FLORIDA,FORT MYERS,LEE,Rural,T-Intersection,BONITA DR,NOTTINGHAM LN,Pedalcyclist,1,0,1,1,0,1,1,1,1,August,Thursday,Clear,Daylight,26.3493,-81.7740
121692,FLORIDA,Not Applicable,PALM BEACH,Rural,Four-Way Intersection,SW 3RD ST,LYONS RD,Curb,1,1,1,1,0,0,0,1,1,April,Saturday,Clear,Dark - Lighted,26.3441,-80.1884
121693,FLORIDA,DAVIE,BROWARD,Urban,Not an Intersection,SR-817,,Pedestrian,1,0,1,1,0,1,1,1,1,August,Wednesday,Cloudy,Dark - Lighted,26.0332,-80.2487
121694,FLORIDA,COCONUT CREEK,BROWARD,Urban,Not an Intersection,LYONS RD,,Pedestrian,1,0,1,1,0,1,1,1,1,July,Saturday,Clear,Dark - Lighted,26.2964,-80.1863
121695,FLORIDA,Not Applicable,POLK,Rural,T-Intersection,SR-33,MT OLIVE RD,Motor Vehicle in Transport,1,0,2,2,0,0,0,4,4,June,Thursday,Clear,Daylight,28.1614,-81.8583
121696,FLORIDA,Not Applicable,PINELLAS,Rural,T-Intersection,KERNWOOD CT,KNOB VIEW WAY,Tree (Standing Only),1,0,1,1,0,0,0,1,1,July,Saturday,Clear,Dark - Lighted,28.1265,-82.7121
121697,FLORIDA,Not Applicable,PALM BEACH,Rural,Not an Intersection,PALM GREENS WAY,,Utility Pole/Light Support,1,0,1,1,0,0,0,1,1,April,Thursday,Clear,Daylight,26.4832,-80.1312
121698,FLORIDA,Not Applicable,PALM BEACH,Rural,T-Intersection,SR-806,7205 ATLANTIC AVE,Motor Vehicle in Transport,1,0,2,2,0,0,0,2,2,May,Monday,Clear,Daylight,26.4616,-80.0731
121699,FLORIDA,Not Applicable,HILLSBOROUGH,Urban,Not an Intersection,I-75,,Tree (Standing Only),1,1,1,1,0,0,0,1,1,August,Sunday,Cloudy,Dark - Lighted,28.0536,-82.3570
121700,FLORIDA,SAINT CLOUD,OSCEOLA,Urban,Not an Intersection,SR-500,,Pedestrian,1,0,1,1,0,1,1,1,1,February,Thursday,Cloudy,Dark - Not Lighted,28.2459,-81.2516
121701,FLORIDA,Not Applicable,MIAMI-DADE,Urban,Not an Intersection,SR-874 RAMP,,Fence,1,1,1,1,0,0,0,1,1,August,Sunday,Rain,Dark - Lighted,25.7284,-80.3186
121702,FLORIDA,Not Applicable,INDIAN RIVER,Rural,Not an Intersection,SR-91,,Rollover/Overturn,1,0,1,1,0,0,0,1,1,July,Sunday,Clear,Daylight,27.5601,-80.7634
121703,FLORIDA,Not Applicable,LAKE,Rural,T-Intersection,CR-44A,JOHNS LN,Motor Vehicle in Transport,1,1,2,2,0,0,0,5,5,August,Saturday,Clear,Dark - Not Lighted,28.8768,-81.5199
121704,FLORIDA,Not Applicable,MANATEE,Urban,Four-Way Intersection,US-41 SR-45 14TH ST W,SR-70,Motor Vehicle in Transport,1,0,3,3,0,0,0,8,8,August,Thursday,Cloudy,Dark - Lighted,27.4476,-82.5753
121705,FLORIDA,JACKSONVILLE,DUVAL,Urban,Not an Intersection,SR-115 RAMP,,Concrete Traffic Barrier,2,1,1,1,0,0,0,2,2,June,Friday,Clear,Dark - Lighted,30.3237,-81.5614
121706,FLORIDA,SARASOTA,SARASOTA,Urban,Not an Intersection,CR-773,,Pedestrian,1,0,1,1,0,1,1,2,2,August,Tuesday,Rain,Daylight,27.2657,-82.4976
121707,FLORIDA,LAKE CITY,COLUMBIA,Rural,Not an Intersection,I-10,,Motor Vehicle in Transport,1,0,3,3,0,0,0,8,8,August,Tuesday,Rain,Daylight,30.2425,-82.6506
121708,FLORIDA,TAMPA,HILLSBOROUGH,Urban,Not an Intersection,50TH ST,BROADWAY AVE,Pedestrian,1,0,1,1,0,1,1,1,1,August,Saturday,Clear,Dark - Not Lighted,27.9618,-82.4019
121710,FLORIDA,Not Applicable,HENDRY,Rural,Not an Intersection,SR-29,,Motor Vehicle in Transport,1,0,2,2,0,0,0,2,2,July,Thursday,Clear,Dark - Not Lighted,26.6059,-81.4365
121711,FLORIDA,Not Applicable,MONROE,Urban,Not an Intersection,US-1,,Motor Vehicle in Transport,1,1,3,3,0,0,0,4,4,August,Monday,Clear,Dark - Not Lighted,24.6558,-81.5370
121712,FLORIDA,ISLAMORADA,MONROE,Urban,Not an Intersection,US-1,,Pedestrian,1,0,1,1,0,1,1,1,1,August,Sunday,Clear,Dark - Not Lighted,24.8528,-80.7350
121713,FLORIDA,Not Applicable,LEE,Rural,Four-Way Intersection,CR-767,MARINA ROAD,Culvert,1,0,1,1,0,1,1,1,1,July,Friday,Clear,Daylight,26.6359,-82.1249
121714,FLORIDA,Not Applicable,COLUMBIA,Rural,Not an Intersection,I-75,,Motor Vehicle in Transport,1,0,2,2,0,0,0,2,2,August,Sunday,Rain,Daylight,30.1797,-82.6884
121715,FLORIDA,JACKSONVILLE,DUVAL,Urban,Not an Intersection,I-95,,Motor Vehicle in Transport,1,1,2,2,0,0,0,2,2,August,Wednesday,Cloudy,Dark - Lighted,30.1363,-81.5358
121716,FLORIDA,TAMPA,HILLSBOROUGH,Urban,Four-Way Intersection,BUSCH BLVD,BROOKS ST,Motor Vehicle in Transport,1,0,2,2,0,0,0,2,2,August,Tuesday,Clear,Dark - Lighted,28.0327,-82.4455
121717,FLORIDA,Not Applicable,LAKE,Rural,Four-Way Intersection,CR-44A,THRILL HILL RD,Motor Vehicle in Transport,1,0,2,2,0,0,0,2,2,August,Monday,Cloudy,Daylight,28.8733,-81.6181
121718,FLORIDA,Not Applicable,ORANGE,Rural,T-Intersection,LANDSTREET RD,GILLS DRIVE,Motor Vehicle in Transport,1,1,2,2,0,0,0,2,2,August,Tuesday,Cloudy,Daylight,28.4360,-81.3932
121719,FLORIDA,Not Applicable,ORANGE,Rural,Not an Intersection,CARPENTER RD,GRISSOM RD,Pedestrian,1,0,1,1,0,1,1,1,1,July,Wednesday,Clear,Dark - Not Lighted,28.5573,-81.1275
121720,FLORIDA,Not Applicable,CITRUS,Rural,Not an Intersection,CR-490,,Motor Vehicle in Transport,1,0,2,2,0,0,0,2,2,August,Tuesday,Rain,Daylight,28.8183,-82.5585
121721,FLORIDA,Not Applicable,HERNANDO,Rural,Four-Way Intersection,SR-50,CR-484,Motor Vehicle in Transport,1,0,3,3,0,0,0,6,6,August,Wednesday,Cloudy,Daylight,28.5410,-82.4620
121722,FLORIDA,Not Applicable,ORANGE,Rural,Not an Intersection,SR-535,,Pedestrian,1,0,1,1,0,1,1,2,2,July,Wednesday,Clear,Dark - Not Lighted,28.3706,-81.5033
121723,FLORIDA,Not Applicable,POLK,Trafficway Not in State Inventory,Not an Intersection,CAMP MACK RD,,Rollover/Overturn,1,1,1,1,0,0,0,2,2,August,Saturday,Clear,Dark - Not Lighted,27.9347,-81.4355
121724,FLORIDA,Not Applicable,LEVY,Rural,Not an Intersection,US-19,,Tree (Standing Only),1,0,1,1,0,0,0,2,2,August,Monday,Cloudy,Dark - Not Lighted,29.2736,-82.7356
121725,FLORIDA,Not Applicable,SEMINOLE,Rural,Not an Intersection,GREENWOOD BLVD,,Curb,1,1,1,1,0,0,0,2,2,July,Friday,Clear,Dark - Lighted,28.7490,-81.3559
121726,FLORIDA,Not Applicable,FLAGLER,Rural,Not an Intersection,SR-A1A,,Rollover/Overturn,1,1,1,1,0,0,0,1,1,August,Sunday,Clear,Dark - Not Lighted,29.5606,-81.1672
121727,FLORIDA,Not Applicable,BAKER,Rural,Not an Intersection,CR-23,,Motor Vehicle in Transport,1,1,2,2,0,0,0,5,5,July,Sunday,Cloudy,Daylight,30.2529,-82.1359
121728,FLORIDA,Not Applicable,LEE,Rural,T-Intersection,SR-82,ALABAMA RD,Motor Vehicle in Transport,1,1,2,2,0,0,0,6,6,August,Sunday,Cloudy,Dark - Not Lighted,26.5591,-81.6616
121729,FLORIDA,Not Applicable,GLADES,Rural,Not an Intersection,CR-721,,Tree (Standing Only),1,0,1,1,0,0,0,1,1,August,Friday,"Fog, Smog, Smoke",Dark - Not Lighted,27.1463,-81.0938
121730,FLORIDA,Not Applicable,SUMTER,Rural,Not an Intersection,SR-471,,Tree (Standing Only),1,0,1,1,0,0,0,1,1,August,Thursday,Clear,Dawn,28.5030,-82.0544
121731,FLORIDA,Not Applicable,VOLUSIA,Rural,T-Intersection,US-17,MILLS ROAD,Motor Vehicle in Transport,1,0,2,2,0,0,0,4,4,August,Sunday,Clear,Daylight,29.1054,-81.3426
121732,FLORIDA,Not Applicable,MIAMI-DADE,Urban,Y-Intersection,US-27,ENTRANCE RAMP,Motor Vehicle in Transport,1,0,2,2,0,0,0,2,2,August,Thursday,Clear,Dark - Lighted,25.8998,-80.3840
121733,FLORIDA,DELRAY BEACH,PALM BEACH,Rural,Four-Way Intersection,CR-782,CATHERINE DR,Motor Vehicle in Transport,1,0,2,2,0,0,0,2,2,August,Saturday,Cloudy,Daylight,26.4394,-80.0945
121734,FLORIDA,Not Applicable,CITRUS,Urban,Not an Intersection,SR-44 E,,Motor Vehicle in Transport,1,0,2,2,0,0,0,1,1,August,Thursday,Clear,Daylight,28.8446,-82.2826
121735,FLORIDA,Not Applicable,MANATEE,Urban,Not an Intersection,SR-70,,Motor Vehicle in Transport,1,1,2,2,0,0,0,2,2,August,Thursday,Clear,Dark - Not Lighted,27.4316,-82.3847
121736,FLORIDA,PALMETTO,MANATEE,Urban,Not an Intersection,SR-43,,Motor Vehicle in Transport,1,0,2,2,0,0,0,3,3,August,Thursday,Rain,Dark - Lighted,27.5214,-82.5534
121737,FLORIDA,JACKSONVILLE,DUVAL,Urban,Not an Intersection,SR-13,LORETTO RD,Motor Vehicle in Transport,1,0,2,2,0,0,0,3,3,August,Thursday,Clear,Dark - Lighted,30.1599,-81.6328
121738,FLORIDA,Not Applicable,BAKER,Rural,Not an Intersection,CLET HARVEY RD,,Embankment,1,1,1,1,0,0,0,4,4,July,Saturday,Cloudy,Dusk,30.1825,-82.1892
121740,FLORIDA,AVON PARK,HIGHLANDS,Rural,Not an Intersection,CR-700A,,Motor Vehicle in Transport,1,0,2,2,0,0,0,2,2,May,Monday,Clear,Daylight,27.5323,-81.3820
121741,FLORIDA,Not Applicable,BREVARD,Rural,Not an Intersection,SR-A1A,SEBASTIAN INLET PARK ENTRANCE,Rollover/Overturn,1,0,1,1,0,0,0,1,1,July,Sunday,Cloudy,Daylight,27.8634,-80.4501
121742,FLORIDA,APOPKA,ORANGE,Urban,Not an Intersection,CR-436,,Motor Vehicle in Transport,1,0,3,3,0,0,0,3,3,August,Monday,Cloudy,Daylight,28.6666,-81.4679
121744,FLORIDA,CLEARWATER,PINELLAS,Urban,Not an Intersection,US-19 NORTH,,Pedalcyclist,1,0,1,1,0,1,1,1,1,August,Wednesday,Clear,Daylight,27.9465,-82.7301
121745,FLORIDA,COCOA,BREVARD,Rural,Four-Way Intersection,US-1,PEACHTREE ST,Pedestrian,1,0,1,1,0,1,1,1,1,July,Saturday,Clear,Daylight,28.3577,-80.7325
121746,FLORIDA,Not Applicable,PASCO,Urban,T-Intersection,US-41,GATOR LANE,Motor Vehicle in Transport,1,0,3,3,0,0,0,5,5,August,Thursday,Clear,Daylight,28.2623,-82.4760
121747,FLORIDA,Not Applicable,MIAMI-DADE,Urban,Not an Intersection,SR-821,,Concrete Traffic Barrier,1,0,1,1,0,0,0,1,1,August,Friday,Clear,Dusk,25.6253,-80.3788
121748,FLORIDA,Not Applicable,PASCO,Rural,T-Intersection,CR-579,PROSPECT RD,Rollover/Overturn,1,1,1,1,0,0,0,1,1,August,Wednesday,Clear,Dark - Not Lighted,28.3147,-82.2447
121749,FLORIDA,SUNRISE,BROWARD,Urban,Not an Intersection,29TH ST,,Building,1,0,1,1,0,0,0,1,1,August,Sunday,Rain,Dark - Lighted,26.1611,-80.2519
121750,FLORIDA,SUNRISE,BROWARD,Urban,Not an Intersection,SR-84,,Embankment,1,0,1,1,0,0,0,1,1,August,Wednesday,Clear,Dark - Lighted,26.1246,-80.3606
121751,FLORIDA,Not Applicable,MIAMI-DADE,Urban,T-Intersection,SNAPPER CREEK  CANAL DR,98TH COURT,Immersion or Partial Immersion,1,0,1,1,0,0,0,1,1,August,Friday,Clear,Dark - Lighted,25.7685,-80.3560
121752,FLORIDA,PENSACOLA,ESCAMBIA,Urban,"Five-Point, or More",US-98,BARRANCAS AVE,Motor Vehicle in Transport,1,0,2,2,0,0,0,4,4,August,Sunday,Clear,Dusk,30.4113,-87.2294
121753,FLORIDA,OAKLAND PARK,BROWARD,Urban,Not an Intersection,SR-811,OAKLAND PARK BLVD,Pedestrian,1,0,1,1,0,1,1,1,1,August,Saturday,Clear,Dark - Lighted,26.1667,-80.1315
121754,FLORIDA,JACKSONVILLE,DUVAL,Rural,Not an Intersection,MINDANAO DR,,Tree (Standing Only),1,0,1,1,0,0,0,1,1,August,Sunday,Clear,Dark - Lighted,30.3193,-81.4487
121756,FLORIDA,Not Applicable,MIAMI-DADE,Urban,Not an Intersection,SW 102ND AVE,,Pedalcyclist,1,0,1,1,0,1,1,1,1,August,Wednesday,Cloudy,Dark - Lighted,25.6106,-80.3571
121757,FLORIDA,Not Applicable,HILLSBOROUGH,Urban,Four-Way Intersection,BEARSS AV,16TH ST,Pedalcyclist,1,0,1,1,0,1,1,1,1,August,Friday,Cloudy,Dark - Not Lighted,28.0812,-82.4427
121758,FLORIDA,Not Applicable,MIAMI-DADE,Rural,T-Intersection,CR-986,118TH AVE,Motor Vehicle in Transport,1,0,2,2,0,0,0,3,3,August,Friday,Clear,Daylight,25.7009,-80.3842
121759,FLORIDA,Not Applicable,POLK,Urban,Not an Intersection,WALT WILLIAMS RD,WALT LOOP RD,Motor Vehicle in Transport,1,0,2,2,0,0,0,2,2,August,Monday,Clear,Daylight,28.1247,-81.9383
121760,FLORIDA,Not Applicable,HIGHLANDS,Rural,Not an Intersection,CR-17A,,Tree (Standing Only),1,1,1,1,0,0,0,1,1,August,Wednesday,Clear,Dark - Not Lighted,27.5394,-81.4937
121761,FLORIDA,Not Applicable,INDIAN RIVER,Rural,Not an Intersection,CR-606,33RD AVENUE,Pedestrian,1,0,1,1,0,1,1,1,1,August,Thursday,Clear,Dark - Not Lighted,27.5871,-80.4180
121762,FLORIDA,PEMBROKE PINES,BROWARD,Urban,Not an Intersection,68TH BLVD,,Tree (Standing Only),1,0,1,1,0,0,0,1,1,August,Monday,Clear,Dark - Lighted,26.0054,-80.2238
121763,FLORIDA,AVENTURA,MIAMI-DADE,Urban,Four-Way Intersection,34TH AVE,WATERWAYS BLVD,Pedestrian,1,0,1,1,0,1,1,1,1,August,Sunday,Clear,Daylight,25.9675,-80.1335
121764,FLORIDA,Not Applicable,POLK,Rural,Four-Way Intersection,US-27,US-98,Motor Vehicle in Transport,1,0,2,2,0,0,0,2,2,August,Monday,Cloudy,Dark - Lighted,28.3469,-81.6735
121765,FLORIDA,WEST PALM BEACH,PALM BEACH,Urban,Not an Intersection,CR-702,,Pedestrian,1,0,1,1,0,1,1,1,1,August,Sunday,Clear,Dark - Lighted,26.7531,-80.0652
121766,FLORIDA,KISSIMMEE,OSCEOLA,Urban,Not an Intersection,CR-192,,Pedestrian,1,0,1,1,0,1,1,1,1,August,Sunday,Clear,Dark - Lighted,28.3045,-81.4408
121767,FLORIDA,DE FUNIAK SPRINGS,WALTON,Urban,Four-Way Intersection,US-90 W,10TH ST,Pedestrian,1,0,1,1,0,1,1,1,1,August,Wednesday,Cloudy,Daylight,30.7214,-86.1166
121769,FLORIDA,Not Applicable,ESCAMBIA,Urban,Not an Intersection,SR-290 E OLIVE RD,,Rollover/Overturn,1,1,1,1,0,0,0,5,5,August,Sunday,Clear,Dark - Lighted,30.5141,-87.1807
121770,FLORIDA,Not Applicable,MARION,Rural,Not an Intersection,SR-464,,Rollover/Overturn,1,0,1,1,0,0,0,6,6,August,Wednesday,Clear,Daylight,29.1447,-82.0655
121772,FLORIDA,Not Applicable,ST. LUCIE,Rural,Not an Intersection,I-95,,Pedestrian,1,0,1,1,0,1,1,1,1,August,Monday,Clear,Dark - Lighted,27.5573,-80.4801
121773,FLORIDA,MICANOPY,ALACHUA,Rural,T-Intersection,US-441 / SR-25,CR-234,Motor Vehicle in Transport,1,0,2,2,0,0,0,2,2,August,Thursday,Cloudy,Dark - Not Lighted,29.5139,-82.2902
121774,FLORIDA,JACKSONVILLE,DUVAL,Urban,Not an Intersection,I-95,,Tree (Standing Only),1,0,1,1,0,0,0,1,1,August,Saturday,Clear,Daylight,30.2906,-81.6298