ST_CASE,STATE_NAME,CITY_NAME,COUNTY_NAME,RUR_URB_NAME,TYP_INT_NAME,TWAY_ID,TWAY_ID2,HARM_EV_NAME,FATALS,DRUNK_DR,VE_TOTAL,VE_FORMS,PVH_INVL,PEDS,PERNOTMVIT,PERMVIT,PERSONS,MONTH_NAME,DAY_WEEK_NAME,WEATHER_NAME,LGT_COND_NAME,LATITUDE,LONGITUD
122050,FLORIDA,POMPANO BEACH,BROWARD,Rural,Four-Way Intersection,ATLANTIC BLVD,6TH AV,Motor Vehicle in Transport,1,0,2,2,0,0,0,3,3,June,Wednesday,Clear,Dark - Lighted,26.2367,-80.1656
122051,FLORIDA,Not Applicable,INDIAN RIVER,Rural,Not an Intersection,20TH ST,,Motor Vehicle in Transport,1,0,2,2,0,0,0,3,3,March,Monday,Clear,Daylight,27.6388,-80.3877
122052,FLORIDA,HALLANDALE BEACH,BROWARD,Rural,Not an Intersection,HALLANDALE BEACH BLVD,2301 HALLANDALE BEACH BLVD,Fell/jumped from Vehicle,1,0,1,1,0,0,0,6,6,June,Wednesday,Clear,Dusk,25.9858,-80.1406
122053,FLORIDA,DUNEDIN,PINELLAS,Urban,Not an Intersection,PATRICIA AVE,,Pedestrian,1,0,1,1,0,1,1,2,2,May,Saturday,Clear,Daylight,28.0160,-82.7756
122054,FLORIDA,SAINT PETERSBURG,PINELLAS,Urban,Not an Intersection,I-275 RAMP,,Tree (Standing Only),1,0,1,1,0,0,0,2,2,September,Thursday,Cloudy,Daylight,27.7583,-82.6753
122055,FLORIDA,Not Applicable,POLK,Urban,Not an Intersection,COUNTY LINE RD,EWELL RD,Motor Vehicle in Transport,1,0,2,2,0,0,0,2,2,September,Thursday,Clear,Daylight,27.9529,-82.0553
122056,FLORIDA,Not Applicable,HERNANDO,Rural,Not an Intersection,KNUCKEY RD,,Rollover/Overturn,2,0,1,1,0,0,0,2,2,September,Tuesday,Clear,Dark - Not Lighted,28.6356,-82.5458
122057,FLORIDA,SAINT PETERSBURG,PINELLAS,Urban,Not an Intersection,I-275 RAMP,ULMERTON RD,Motor Vehicle in Transport,1,0,2,2,0,0,0,3,3,September,Monday,Clear,Daylight,27.8974,-82.6413
122058,FLORIDA,Not Applicable,PASCO,Rural,Four-Way Intersection,US-19,SR-52,Motor Vehicle in Transport,1,0,2,2,0,0,0,2,2,September,Monday,Clear,Dark - Not Lighted,28.3311,-82.6991
122059,FLORIDA,DELRAY BEACH,PALM BEACH,Urban,Four-Way Intersection,US-1,1 ST ST,Motor Vehicle in Transport,1,1,4,2,2,0,0,2,2,September,Wednesday,Clear,Daylight,26.4634,-80.0670
122060,FLORIDA,SAINT PETERSBURG,PINELLAS,Urban,Not an Intersection,18TH AVE,,Pedestrian,1,0,1,1,0,1,1,1,1,September,Sunday,Clear,Dark - Lighted,27.7519,-82.6767
122061,FLORIDA,Not Applicable,COLLIER,Urban,Not an Intersection,IMMOKALEE DR,,Pedestrian,1,0,1,1,0,1,1,2,2,September,Thursday,Clear,Daylight,26.4257,-81.4295
122062,FLORIDA,Not Applicable,OSCEOLA,Rural,Not an Intersection,HICKORY TREE,,Rollover/Overturn,1,0,1,1,0,0,0,2,2,September,Sunday,Cloudy,Dark - Not Lighted,28.1973,-81.2446
122063,FLORIDA,Not Applicable,MIAMI-DADE,Rural,Not an Intersection,72ND ST,,Tree (Standing Only),1,0,1,1,0,0,0,1,1,September,Monday,Cloudy,Dark - Not Lighted,25.6997,-80.4202
122064,FLORIDA,FORT MYERS,LEE,Urban,T-Intersection,TREELINE AVE,PLANTATION GARDENS DRIVE,Motor Vehicle in Transport,1,0,2,2,0,0,0,3,3,September,Saturday,Clear,Daylight,26.5685,-81.7825
122065,FLORIDA,TAMPA,HILLSBOROUGH,Urban,T-Intersection,SR-580,LOIS AVE,Motor Vehicle in Transport,1,1,2,2,0,0,0,3,3,September,Saturday,Clear,Dark - Lighted,27.9959,-82.5072
122066,FLORIDA,POMPANO BEACH,BROWARD,Urban,Not an Intersection,SR-814,,Pedestrian,1,0,1,1,0,1,1,1,1,September,Sunday,Clear,Dark - Lighted,26.2313,-80.1579
122067,FLORIDA,Not Applicable,MIAMI-DADE,Urban,Not an Intersection,136TH ST,144TH AVE,Motor Vehicle in Transport,1,0,2,2,0,0,0,2,2,September,Tuesday,Cloudy,Daylight,25.6406,-80.4272
122068,FLORIDA,Not Applicable,WAKULLA,Rural,Not an Intersection,SR-267,,Motor Vehicle in Transport,3,0,2,2,0,0,0,4,4,September,Friday,Clear,Daylight,30.2561,-84.3431
122070,FLORIDA,Not Applicable,HIGHLANDS,Rural,Not an Intersection,US-27,LAKE JUNE RD,Motor Vehicle in Transport,1,0,2,2,0,0,0,3,3,September,Friday,Clear,Dawn,27.3175,-81.3630
122071,FLORIDA,Not Applicable,HOLMES,Rural,Y-Intersection,CR-173,RIDDICK MILLS ROAD,Tree (Standing Only),1,0,1,1,0,0,0,1,1,August,Thursday,Clear,Daylight,30.9373,-85.5876
122072,FLORIDA,ORANGE PARK,CLAY,Urban,Not an Intersection,WELLS ROAD,,Rollover/Overturn,1,1,1,1,0,0,0,1,1,September,Saturday,Cloudy,Dark - Lighted,30.1896,-81.7070
122073,FLORIDA,Not Applicable,LEE,Rural,T-Intersection,US-41,HICKORY DR,Motor Vehicle in Transport,1,0,2,2,0,0,0,2,2,September,Wednesday,Clear,Dark - Lighted,26.4593,-81.8269
122074,FLORIDA,Not Applicable,ST. JOHNS,Rural,T-Intersection,SR-16,MURABELLA  PKWY,Motor Vehicle in Transport,1,0,2,2,0,0,0,6,6,September,Sunday,Clear,Dark - Not Lighted,29.9630,-81.4891
122075,FLORIDA,Not Applicable,PALM BEACH,Rural,Not an Intersection,US-27,,Rollover/Overturn,1,1,1,1,0,0,0,2,2,September,Sunday,Clear,Daylight,26.6760,-80.7227
122076,FLORIDA,Not Applicable,VOLUSIA,Rural,Not an Intersection,I-4,,Motor Vehicle in Transport,2,0,2,2,0,0,0,7,7,September,Sunday,Clear,Daylight,29.0494,-81.2014
122077,FLORIDA,Not Applicable,HILLSBOROUGH,Urban,T-Intersection,US-41,21ST AVE,Motor Vehicle in Transport,1,0,4,2,2,0,0,2,2,September,Sunday,Clear,Daylight,27.9292,-82.4018
122078,FLORIDA,Not Applicable,PINELLAS,Rural,Not an Intersection,CR-296,109TH AVE,Motor Vehicle in Transport,3,1,2,2,0,0,0,3,3,September,Wednesday,Clear,Dark - Lighted,27.8724,-82.7670
122079,FLORIDA,Not Applicable,HILLSBOROUGH,Urban,Not an Intersection,I-4,,Motor Vehicle in Transport,1,0,2,2,0,0,0,2,2,September,Sunday,Clear,Daylight,28.0020,-82.3265
122080,FLORIDA,COCOA,BREVARD,Urban,Not an Intersection,HWY-524,,Pedestrian,1,0,1,1,0,1,1,1,1,September,Thursday,Clear,Daylight,28.3852,-80.7879
122081,FLORIDA,Not Applicable,MARION,Rural,Not an Intersection,NATIONAL FOREST ROAD 50,,Rollover/Overturn,1,1,1,1,0,0,0,1,1,September,Sunday,Clear,Daylight,29.2773,-81.8703
122082,FLORIDA,Not Applicable,SUMTER,Rural,Four-Way Intersection,BELLA CRUZ DR,BELLA CRUZ DR,Motor Vehicle in Transport,1,0,2,2,0,0,0,2,2,September,Monday,Clear,Daylight,28.9517,-81.9570
122084,FLORIDA,VENICE,SARASOTA,Urban,T-Intersection,PINEBROOK RD,WATER ST,Motor Vehicle in Transport,1,0,2,2,0,0,0,2,2,February,Tuesday,Clear,Daylight,27.1156,-82.4171
122085,FLORIDA,Not Applicable,PALM BEACH,Rural,Not an Intersection,SR-80,,Motor Vehicle in Transport,1,0,2,2,0,0,0,2,2,August,Monday,Cloudy,Daylight,26.6810,-80.2195
122086,FLORIDA,Not Applicable,SANTA ROSA,Rural,Not an Intersection,ROBINSON POINT RD,GARCON POINT RD,Tree (Standing Only),1,0,1,1,0,0,0,2,2,September,Thursday,Clear,Dark - Not Lighted,30.5870,-87.0311
122087,FLORIDA,Not Applicable,SEMINOLE,Urban,Not an Intersection,SR-417,,Motor Vehicle in Transport,1,0,2,2,0,0,0,2,2,September,Monday,Cloudy,Daylight,28.6301,-81.2456
122088,FLORIDA,Not Applicable,PALM BEACH,Urban,T-Intersection,CR-812 LANTANA RD,BRANTLEY ROAD,Motor Vehicle in Transport,1,0,2,2,0,0,0,2,2,September,Saturday,Clear,Daylight,26.5895,-80.1416
122089,FLORIDA,Not Applicable,PALM BEACH,Urban,Four-Way Intersection,SR-704,INDIAN RD,Pedestrian,1,0,1,1,0,1,1,1,1,September,Friday,Clear,Dark - Lighted,26.7067,-80.1043
122090,FLORIDA,ROYAL PALM BEACH,PALM BEACH,Urban,Not an Intersection,OKEECHOBEE BLVD,,Curb,2,0,1,1,0,0,0,2,2,September,Sunday,Clear,Dark - Not Lighted,26.7093,-80.2115
122091,FLORIDA,Not Applicable,ORANGE,Rural,T-Intersection,SR-426,BUCKEYE COURT,Pedestrian,1,0,1,1,0,1,1,1,1,September,Friday,Cloudy,Dark - Not Lighted,28.5965,-81.3968
122092,FLORIDA,GREENACRES CITY,PALM BEACH,Rural,Not an Intersection,MELALEUCA LN,,Pedalcyclist,1,0,1,1,0,1,1,1,1,September,Saturday,Clear,Dark - Lighted,26.6080,-80.1414
122093,FLORIDA,Not Applicable,MARION,Rural,Not an Intersection,CR-314,,Ditch,1,0,1,1,0,0,0,1,1,September,Tuesday,Rain,Daylight,29.2319,-81.9666
122094,FLORIDA,Not Applicable,BREVARD,Rural,T-Intersection,SR-524,ADAMSON RD,Motor Vehicle in Transport,1,0,2,2,0,0,0,2,2,September,Monday,Cloudy,Daylight,28.3637,-80.8208
122095,FLORIDA,Not Applicable,CLAY,Rural,Not an Intersection,CR-315C,,Utility Pole/Light Support,1,1,1,1,0,0,0,1,1,September,Saturday,Clear,Dark - Not Lighted,29.8505,-81.9178
122096,FLORIDA,Not Applicable,VOLUSIA,Rural,Not an Intersection,FRENCH AVENUE,,Embankment,1,0,1,1,0,0,0,2,2,September,Sunday,Clear,Dusk,28.9523,-81.3335
122097,FLORIDA,Not Applicable,PINELLAS,Urban,Not an Intersection,US-19,,Pedestrian,1,0,1,1,0,1,1,1,1,September,Saturday,Clear,Dark - Lighted,27.8175,-82.6795
122098,FLORIDA,Not Applicable,ST. LUCIE,Rural,Not an Intersection,CR-611,,Utility Pole/Light Support,1,1,1,1,0,0,0,1,1,September,Friday,Clear,Dark - Not Lighted,27.4076,-80.3576
122099,FLORIDA,QUINCY,GADSDEN,Urban,Not an Intersection,SR-267,,Pedestrian,1,0,1,1,0,1,1,1,1,September,Sunday,Clear,Dark - Lighted,30.5842,-84.5913
122100,FLORIDA,Not Applicable,LEE,Rural,Four-Way Intersection,SR-739,BRIARCLIFF RD,Motor Vehicle in Transport,1,0,2,2,0,0,0,2,2,September,Tuesday,Clear,Daylight,26.5163,-81.8534
122101,FLORIDA,Not Applicable,BREVARD,Urban,Not an Intersection,I-95,,Guardrail Face,1,0,1,1,0,0,0,4,4,June,Friday,Clear,Dark - Not Lighted,28.5599,-80.8514
122102,FLORIDA,DEERFIELD BEACH,BROWARD,Rural,Four-Way Intersection,HILLSBORO BLVD,3RD AV,Fell/jumped from Vehicle,1,0,1,1,0,0,0,2,2,July,Friday,Clear,Daylight,26.3186,-80.1078
122103,FLORIDA,Not Applicable,HILLSBOROUGH,Urban,Four-Way Intersection,CLAY AVE,KINGSWAY RD,Motor Vehicle in Transport,1,0,2,2,0,0,0,2,2,September,Sunday,Clear,Dark - Lighted,27.9450,-82.2776
122104,FLORIDA,Not Applicable,POLK,Rural,T-Intersection,SR-659,TANGLEWOOD ST,Motor Vehicle in Transport,1,0,2,2,0,0,0,2,2,September,Friday,Clear,Daylight,28.0601,-81.9080
122105,FLORIDA,GREENACRES CITY,PALM BEACH,Urban,Not an Intersection,10TH AVE,,Pedalcyclist,1,0,1,1,0,1,1,2,2,September,Sunday,Clear,Dark - Lighted,26.6312,-80.1272
122106,FLORIDA,TAMPA,HILLSBOROUGH,Rural,T-Intersection,BUSCH BLVD,17TH ST,Motor Vehicle in Transport,1,0,2,2,0,0,0,2,2,September,Saturday,Clear,Daylight,28.0326,-82.4408
122107,FLORIDA,JACKSONVILLE,DUVAL,Urban,Not an Intersection,I-295,,Motor Vehicle in Transport,1,1,2,2,0,0,0,2,2,September,Sunday,Cloudy,Dark - Lighted,30.4332,-81.5799
122108,FLORIDA,Not Applicable,ALACHUA,Urban,Not an Intersection,US-441,,Pedestrian,1,0,1,1,0,1,1,1,1,September,Thursday,Clear,Dark - Lighted,29.6079,-82.3420
122109,FLORIDA,Not Applicable,ESCAMBIA,Urban,T-Intersection,CR-293,HAVBURG DRIVE,Motor Vehicle in Transport,1,0,2,2,0,0,0,5,5,September,Wednesday,Cloudy,Daylight,30.3769,-87.4021
122110,FLORIDA,Not Applicable,ORANGE,Rural,Not an Intersection,US-441,,Pedestrian,1,0,1,1,0,1,1,1,1,September,Sunday,Clear,Dark - Lighted,28.4994,-81.3968
122111,FLORIDA,GAINESVILLE,ALACHUA,Urban,Not an Intersection,SR-24,,Curb,1,1,1,1,0,0,0,1,1,September,Friday,Clear,Dark - Not Lighted,29.6702,-82.2992
122112,FLORIDA,JACKSONVILLE,DUVAL,Urban,Not an Intersection,US-1,,Pedestrian,1,0,1,1,0,1,1,1,1,October,Saturday,Clear,Dawn,30.2817,-81.6289
122113,FLORIDA,FORT WALTON BEACH,OKALOOSA,Urban,Four-Way Intersection,SR-188,PATIO ST,Pedestrian,1,0,1,1,0,1,1,1,1,September,Friday,Clear,Dark - Lighted,30.4491,-86.6205
122114,FLORIDA,KEY WEST,MONROE,Urban,Not an Intersection,US-1,,Utility Pole/Light Support,1,0,1,1,0,0,0,2,2,September,Wednesday,Clear,Dark - Lighted,24.5583,-81.7876
122115,FLORIDA,KEY WEST,MONROE,Urban,Not an Intersection,CR-5A,,Parked Motor Vehicle (Not in Transport),1,0,2,1,1,0,0,1,1,September,Thursday,Clear,Daylight,24.5579,-81.7756
122116,FLORIDA,BRADENTON,MANATEE,Urban,Four-Way Intersection,SR-64 E,43RD ST,Pedestrian,1,0,1,1,0,1,1,1,1,October,Tuesday,Clear,Dark - Lighted,27.4983,-82.5087
122117,FLORIDA,Not Applicable,ST. JOHNS,Urban,Four-Way Intersection,US-1,WATSON RD,Motor Vehicle in Transport,1,0,2,2,0,0,0,2,2,October,Saturday,Cloudy,Daylight,29.8004,-81.3203
122118,FLORIDA,Not Applicable,PASCO,Rural,Not an Intersection,US-19,,Pedestrian,1,0,1,1,0,1,1,1,1,September,Sunday,Clear,Dark - Lighted,28.3154,-82.6991
122119,FLORIDA,Not Applicable,SANTA ROSA,Rural,T-Intersection,CR-182,GRISWOLD RD,Motor Vehicle in Transport,1,0,2,2,0,0,0,3,3,September,Thursday,Clear,Daylight,30.7794,-87.1985
122120,FLORIDA,Not Applicable,MARION,Rural,Not an Intersection,CR-475A,,Fence,1,1,1,1,0,0,0,1,1,August,Sunday,Clear,Dark - Not Lighted,29.0659,-82.1631
122121,FLORIDA,Not Applicable,ST. JOHNS,Rural,T-Intersection,CR-208,CR-13,Traffic Sign Support,1,1,1,1,0,0,0,1,1,September,Saturday,Clear,Unknown,29.9148,-81.5933
122122,FLORIDA,CLEARWATER,PINELLAS,Urban,Not an Intersection,SR-60,,Pedestrian,1,0,1,1,0,1,1,1,1,October,Sunday,Clear,Dark - Lighted,27.9606,-82.7675
122123,FLORIDA,PORT SAINT LUCIE,ST. LUCIE,Urban,Not an Intersection,I-95,,Pedestrian,1,0,1,1,0,1,1,1,1,September,Friday,Clear,Dark - Not Lighted,27.2583,-80.4200
122124,FLORIDA,Not Applicable,WALTON,Rural,Not an Intersection,US-98,,Rollover/Overturn,1,0,1,1,0,0,0,2,2,October,Tuesday,Clear,Daylight,30.3738,-86.2290
122125,FLORIDA,JACKSONVILLE,DUVAL,Urban,Not an Intersection,EDGEWOOD AVE,,Motor Vehicle in Transport,1,0,2,2,0,0,0,3,3,October,Monday,Clear,Daylight,30.3408,-81.6753
122126,FLORIDA,DAVIE,BROWARD,Urban,Not an Intersection,SR-84,,Pedestrian,1,0,1,1,0,1,1,1,1,September,Saturday,Clear,Dark - Lighted,26.0956,-80.2366
122127,FLORIDA,Not Applicable,SARASOTA,Rural,Not an Intersection,I-75,,Rollover/Overturn,1,0,1,1,0,0,0,1,1,September,Friday,Clear,Dark - Lighted,27.0995,-82.2100
122128,FLORIDA,Not Applicable,HILLSBOROUGH,Urban,Not an Intersection,COUNTY LINE RD,SHEPHERD ROAD,Tree (Standing Only),1,0,1,1,0,0,0,1,1,October,Saturday,Rain,Dark - Not Lighted,27.9345,-82.0553
122129,FLORIDA,Not Applicable,HILLSBOROUGH,Urban,Not an Intersection,COUNTY LINE RD,,Motor Vehicle in Transport,1,0,2,2,0,0,0,2,2,October,Monday,Cloudy,Daylight,27.9457,-82.0556
122130,FLORIDA,Not Applicable,LEVY,Rural,Not an Intersection,US-41,,Utility Pole/Light Support,1,0,1,1,0,0,0,1,1,October,Sunday,Cloudy,Dusk,29.4658,-82.4797
122131,FLORIDA,Not Applicable,MANATEE,Urban,Not an Intersection,US-41,,Pedestrian,1,0,1,1,0,1,1,1,1,October,Tuesday,Cloudy,Dark - Lighted,27.4723,-82.5753
122132,FLORIDA,MIAMI BEACH,MIAMI-DADE,Urban,Not an Intersection,SR-A1A,,Pedestrian,1,0,1,1,0,1,1,1,1,August,Wednesday,Cloudy,Daylight,25.8505,-80.1214
122133,FLORIDA,CLEARWATER,PINELLAS,Urban,T-Intersection,DREW ST,BETTY LN N,Pedalcyclist,1,0,1,1,0,1,1,1,1,September,Saturday,Clear,Daylight,27.9681,-82.7843
122134,FLORIDA,TAMPA,HILLSBOROUGH,Urban,Four-Way Intersection,SR-600,DRIVEWAY ACCESS,Motor Vehicle in Transport,1,0,2,2,0,0,0,4,4,September,Tuesday,Clear,Daylight,27.9960,-82.4223
122135,FLORIDA,BOCA RATON,PALM BEACH,Urban,Four-Way Intersection,US-1,40 ST,Pedestrian,1,0,1,1,0,1,1,2,2,September,Wednesday,Clear,Dark - Lighted,26.3861,-80.0764
122136,FLORIDA,Not Applicable,POLK,Rural,Not an Intersection,SR-37,FOUR CORNERS MINE RD,Motor Vehicle in Transport,2,0,4,4,0,0,0,7,7,August,Tuesday,Cloudy,Daylight,27.7018,-82.0219
122137,FLORIDA,CLEARWATER,PINELLAS,Urban,Not an Intersection,SR-60,SKY HARBOR DR,Motor Vehicle in Transport,1,0,2,2,0,0,0,6,6,September,Saturday,Clear,Dark - Lighted,27.9606,-82.7228
122138,FLORIDA,LARGO,PINELLAS,Urban,Not an Intersection,SR-688 ULMERTON RD,,Motor Vehicle in Transport,1,0,2,2,0,0,0,3,3,September,Friday,Clear,Daylight,27.8942,-82.7581
122139,FLORIDA,MIAMI GARDENS,MIAMI-DADE,Urban,T-Intersection,SR-817,169 TERRACE,Motor Vehicle in Transport,1,1,2,2,0,0,0,3,3,October,Monday,Rain,Dark - Lighted,25.9286,-80.2447
122140,FLORIDA,Not Applicable,LEE,Rural,Not an Intersection,SR-31,,Motor Vehicle in Transport,1,0,2,2,0,0,0,2,2,October,Monday,Cloudy,Dark - Not Lighted,26.7280,-81.7609
122141,FLORIDA,Not Applicable,NASSAU,Rural,Four-Way Intersection,SR-200,ONEIL SCOTT RD,"Other Post, Other Pole, or Other Support",1,0,1,1,0,0,0,1,1,September,Wednesday,Clear,Dark - Lighted,30.6173,-81.5147
122142,FLORIDA,Not Applicable,ST. JOHNS,Rural,Not an Intersection,SR-16,,Fence,1,0,1,1,0,0,0,2,2,September,Wednesday,Cloudy,Dark - Not Lighted,29.9153,-81.3363
122143,FLORIDA,Not Applicable,ST. JOHNS,Rural,Not an Intersection,SR-16,,Pedestrian,1,0,1,1,0,1,1,1,1,September,Wednesday,Cloudy,Dark - Not Lighted,29.9156,-81.3739
122144,FLORIDA,Not Applicable,MANATEE,Rural,Not an Intersection,I-75,,Utility Pole/Light Support,1,0,1,1,0,0,0,1,1,October,Saturday,Clear,Daylight,27.6078,-82.4961
122145,FLORIDA,PANAMA CITY,BAY,Urban,Four-Way Intersection,CR-2293,PINE TREE RD,Motor Vehicle in Transport,4,1,2,2,0,0,0,7,7,September,Friday,Clear,Dark - Not Lighted,30.2482,-85.5462
122146,FLORIDA,Not Applicable,LAKE,Urban,Not an Intersection,SWAN RD,SR-46,Other Fixed Object,1,1,1,1,0,0,0,1,1,September,Tuesday,Clear,Daylight,28.8006,-81.5743
122147,FLORIDA,Not Applicable,OKEECHOBEE,Rural,Not an Intersection,SR-70,,Pedalcyclist,1,0,2,2,0,1,1,2,2,September,Monday,Clear,Dark - Not Lighted,27.2575,-80.7551
122148,FLORIDA,MIAMI,MIAMI-DADE,Urban,Not an Intersection,2ND AVE,,Pedestrian,1,0,1,1,0,1,1,1,1,September,Monday,Cloudy,Dark - Lighted,25.8407,-80.1925
122149,FLORIDA,MIAMI,MIAMI-DADE,Urban,Not an Intersection,6TH AVE,,Motor Vehicle in Transport,1,0,2,2,0,2,2,2,2,August,Friday,Clear,Daylight,25.8370,-80.2071
122150,FLORIDA,MIAMI,MIAMI-DADE,Urban,Four-Way Intersection,SR-9,NW 7TH ST,Pedestrian,1,0,1,1,0,1,1,1,1,September,Thursday,Clear,Dark - Lighted,25.7794,-80.2392
122151,FLORIDA,MIAMI,MIAMI-DADE,Urban,Four-Way Intersection,3RD AVE,59 ST,Pedalcyclist,1,0,1,1,0,1,1,1,1,September,Tuesday,Clear,Dark - Lighted,25.8294,-80.2022
122152,FLORIDA,Not Applicable,PALM BEACH,Urban,Four-Way Intersection,JOG RD,GUN CLUB RD,Pedalcyclist,1,0,1,1,0,1,1,1,1,September,Sunday,Clear,Dark - Lighted,26.6745,-80.1452
122153,FLORIDA,Not Applicable,PALM BEACH,Rural,T-Intersection,LYONS ROAD,TEE TIME BLVD,Curb,1,0,1,1,0,0,0,1,1,September,Thursday,Cloudy,Dark - Lighted,26.5877,-80.1882
122154,FLORIDA,Not Applicable,SUMTER,Urban,Not an Intersection,SR-44,,Culvert,1,0,1,1,0,0,0,1,1,September,Thursday,Clear,Daylight,28.8277,-81.9928
122155,FLORIDA,Not Applicable,BREVARD,Rural,Not an Intersection,US-1,,Pedestrian,1,0,1,1,0,1,1,1,1,October,Sunday,Clear,Dark - Not Lighted,27.8716,-80.5018
122156,FLORIDA,Not Applicable,ALACHUA,Rural,Not an Intersection,SR-26,,Motor Vehicle in Transport,1,0,2,2,0,0,0,2,2,October,Thursday,Rain,Daylight,29.7097,-82.0509
122157,FLORIDA,Not Applicable,LEE,Rural,Not an Intersection,SR-80,,Tree (Standing Only),1,0,2,2,0,0,0,8,8,October,Sunday,Cloudy,Dark - Not Lighted,26.7152,-81.6762
122160,FLORIDA,BELL,GILCHRIST,Urban,Not an Intersection,60TH ST,,Rollover/Overturn,1,0,1,1,0,0,0,1,1,October,Sunday,Clear,Daylight,29.8249,-82.8798
122161,FLORIDA,Not Applicable,VOLUSIA,Rural,Four-Way Intersection,CR-4092,PLYMOUTH AVE,Motor Vehicle in Transport,1,0,2,2,0,0,0,4,4,September,Thursday,Cloudy,Daylight,29.0428,-81.3080
122162,FLORIDA,Not Applicable,CLAY,Urban,Four-Way Intersection,US-17,VILLAGE SQUARE PKWY,Motor Vehicle in Transport,2,0,2,2,0,0,0,4,4,September,Monday,Clear,Daylight,30.0797,-81.7067
122163,FLORIDA,Not Applicable,OSCEOLA,Urban,Not an Intersection,BOGGY CREEK RD,,Motor Vehicle in Transport,1,0,2,2,0,0,0,4,4,September,Friday,Clear,Dark - Not Lighted,28.3440,-81.2677
122164,FLORIDA,SAINT PETERSBURG,PINELLAS,Urban,Not an Intersection,5TH AVE,,Pedestrian,1,0,1,1,0,1,1,1,1,October,Saturday,Clear,Dark - Lighted,27.7773,-82.6693
122165,FLORIDA,CORAL GABLES,MIAMI-DADE,Urban,Not an Intersection,US-1,,Curb,1,0,1,1,0,0,0,1,1,September,Monday,Clear,Dark - Lighted,25.7169,-80.2740
122166,FLORIDA,JACKSONVILLE,DUVAL,Urban,T-Intersection,US-17,SARA DR,Motor Vehicle in Transport,1,0,3,3,0,0,0,4,4,October,Tuesday,Clear,Daylight,30.4456,-81.6397
122167,FLORIDA,PINELLAS PARK,PINELLAS,Urban,Four-Way Intersection,70TH AVE,40TH LANE,Motor Vehicle in Transport,1,0,2,2,0,0,0,3,3,September,Friday,Clear,Daylight,27.8355,-82.6877
122168,FLORIDA,Not Applicable,ORANGE,Rural,Not an Intersection,ROUSE RD,,Tree (Standing Only),1,0,1,1,0,0,0,3,3,October,Sunday,Clear,Dark - Lighted,28.6035,-81.2244
122169,FLORIDA,MIAMI,MIAMI-DADE,Rural,Not an Intersection,8TH ST,52 ND AVE,Non-Motorist on Personal Conveyance,1,0,1,1,0,1,1,1,1,August,Wednesday,Rain,Dark - Lighted,25.7639,-80.2798
122170,FLORIDA,Not Applicable,ORANGE,Urban,Not an Intersection,I-4,,Guardrail Face,1,1,1,1,0,0,0,1,1,September,Sunday,Rain,Daylight,28.3647,-81.5158
122171,FLORIDA,FLORIDA CITY,MIAMI-DADE,Urban,Not an Intersection,US-1,,Pedestrian,1,0,1,1,0,1,1,1,1,October,Wednesday,Clear,Dark - Not Lighted,25.4461,-80.4752
122172,FLORIDA,COCOA,BREVARD,Urban,Four-Way Intersection,KING ST,COCOA BLVD,Pedestrian,1,0,2,2,0,1,1,2,2,September,Tuesday,Rain,Daylight,28.3555,-80.7326
122174,FLORIDA,Not Applicable,VOLUSIA,Rural,Not an Intersection,I-95,,Motor Vehicle in Transport,1,1,2,2,0,0,0,3,3,October,Sunday,Clear,Daylight,29.3710,-81.1409
122175,FLORIDA,Not Applicable,PASCO,Rural,T-Intersection,MAKO DRIVE,OLD DIXIE HIGHWAY,Fell/jumped from Vehicle,1,0,1,1,0,0,0,4,4,October,Monday,Cloudy,Daylight,28.3850,-82.6879
122176,FLORIDA,Not Applicable,NASSAU,Rural,L-Intersection,HADDOCK RD,BLACKMON RD,Traffic Sign Support,1,0,1,1,0,0,0,1,1,October,Thursday,Cloudy,Dawn,30.5994,-81.5704
122177,FLORIDA,JACKSONVILLE,DUVAL,Urban,T-Intersection,SAN JUAN AVE,LAKE SHORE BLVD,Motor Vehicle in Transport,1,1,2,2,0,0,0,2,2,October,Tuesday,Cloudy,Dusk,30.3456,-81.6858
122178,FLORIDA,PENSACOLA,ESCAMBIA,Urban,Not an Intersection,GARDEN ST,,Pedestrian,1,0,1,1,0,1,1,1,1,October,Thursday,Clear,Dark - Lighted,30.4117,-87.2395
122179,FLORIDA,Not Applicable,HILLSBOROUGH,Urban,Four-Way Intersection,BEARSS AVE E,12TH ST N,Motor Vehicle in Transport,1,1,2,2,0,0,0,2,2,October,Wednesday,Clear,Daylight,28.0872,-82.4471
122180,FLORIDA,CAPE CORAL,LEE,Urban,Not an Intersection,SR-78,,Motor Vehicle in Transport,1,0,3,3,0,0,0,5,5,October,Thursday,Cloudy,Dark - Not Lighted,26.6735,-81.9286