ST_CASE,STATE_NAME,CITY_NAME,COUNTY_NAME,RUR_URB_NAME,TYP_INT_NAME,TWAY_ID,TWAY_ID2,HARM_EV_NAME,FATALS,DRUNK_DR,VE_TOTAL,VE_FORMS,PVH_INVL,PEDS,PERNOTMVIT,PERMVIT,PERSONS,MONTH_NAME,DAY_WEEK_NAME,WEATHER_NAME,LGT_COND_NAME,LATITUDE,LONGITUD
122181,FLORIDA,DAVIE,BROWARD,Urban,Four-Way Intersection,GRIFFIN RD,S SR7,Pedestrian,1,0,1,1,0,1,1,1,1,October,Saturday,Clear,Dark - Lighted,26.0649,-80.2321
122182,FLORIDA,SAINT AUGUSTINE,ST. JOHNS,Urban,Not an Intersection,SR-312,,Non-Motorist on Personal Conveyance,1,0,1,1,0,1,1,1,1,October,Monday,Not Reported,Dark - Unknown Lighting,29.8670,-81.3082
122184,FLORIDA,PANAMA CITY BEACH,BAY,Urban,Four-Way Intersection,US-98,ARGONAUT ST,Motor Vehicle in Transport,1,0,2,2,0,0,0,7,7,October,Saturday,Clear,Dusk,30.2096,-85.8475
122185,FLORIDA,Not Applicable,ORANGE,Rural,T-Intersection,SR-50,TANNER RD,Motor Vehicle in Transport,1,0,2,2,0,0,0,2,2,October,Saturday,Clear,Dark - Not Lighted,28.5652,-81.1479
122186,FLORIDA,FORT LAUDERDALE,BROWARD,Urban,Not an Intersection,19TH ST,,Fell/jumped from Vehicle,1,0,2,2,0,0,0,4,4,October,Tuesday,Clear,Dark - Lighted,26.1515,-80.1582
122187,FLORIDA,Not Applicable,CHARLOTTE,Rural,Four-Way Intersection,US-41,EASY ST,Motor Vehicle in Transport,1,0,3,3,0,0,0,8,8,October,Saturday,Clear,Dark - Lighted,26.9763,-82.0907
122188,FLORIDA,JACKSONVILLE,DUVAL,Urban,T-Intersection,SR-13,WILLIAMSBURG PARK BLVD,Pedestrian,1,0,1,1,0,1,1,2,2,October,Thursday,Clear,Dark - Lighted,30.2095,-81.6174
122189,FLORIDA,Not Applicable,HILLSBOROUGH,Rural,Not an Intersection,KINGS AVE,,Rollover/Overturn,1,1,1,1,0,0,0,1,1,August,Saturday,Clear,Dark - Lighted,27.9141,-82.2939
122190,FLORIDA,Not Applicable,ORANGE,Rural,Not an Intersection,DUDLEY AVE,DORA DR,Tree (Standing Only),1,0,1,1,0,0,0,1,1,October,Wednesday,Clear,Daylight,28.7689,-81.6419
122191,FLORIDA,GAINESVILLE,ALACHUA,Urban,Not an Intersection,CR-232,,Rollover/Overturn,1,1,4,4,0,0,0,6,6,October,Thursday,Rain,Dark - Not Lighted,29.7029,-82.2967
122192,FLORIDA,Not Applicable,MIAMI-DADE,Urban,Not an Intersection,I-95,,Bridge Pier or Support,1,0,1,1,0,0,0,1,1,October,Thursday,Clear,Dark - Lighted,25.9206,-80.2111
122193,FLORIDA,Not Applicable,HENDRY,Rural,Not an Intersection,HULL ST,,Pedestrian,1,0,1,1,0,1,1,1,1,October,Saturday,Clear,Dark - Not Lighted,26.7461,-81.4441
122194,FLORIDA,PLANTATION,BROWARD,Urban,Not an Intersection,15TH ST,,Tree (Standing Only),1,1,1,1,0,0,0,1,1,October,Saturday,Clear,Dark - Lighted,26.1436,-80.2479
122195,FLORIDA,Not Applicable,ALACHUA,Rural,Y-Intersection,US-301,CR-1471,"Other Post, Other Pole, or Other Support",1,0,1,1,0,0,0,1,1,October,Wednesday,Cloudy,Dark - Not Lighted,29.7608,-82.1414
122196,FLORIDA,FORT LAUDERDALE,BROWARD,Rural,Not an Intersection,SUNRISE BLVD,,Pedalcyclist,1,1,1,1,0,1,1,1,1,October,Friday,Clear,Dark - Lighted,26.1364,-80.1596
122197,FLORIDA,CASSELBERRY,SEMINOLE,Rural,Not an Intersection,SEMINOLA BLVD,,Tree (Standing Only),1,0,1,1,0,0,0,1,1,June,Thursday,Clear,Dark - Lighted,28.6753,-81.3178
122198,FLORIDA,Not Applicable,OKALOOSA,Rural,Not an Intersection,STEEL MILL CREEK ROAD,,Ditch,1,1,1,1,0,0,0,2,2,October,Sunday,Cloudy,Dark - Not Lighted,30.9231,-86.4224
122199,FLORIDA,Not Applicable,HILLSBOROUGH,Urban,Not an Intersection,I-275,,Concrete Traffic Barrier,1,1,1,1,0,0,0,1,1,October,Friday,Clear,Dark - Lighted,27.9612,-82.4542
122200,FLORIDA,Not Applicable,HILLSBOROUGH,Urban,Not an Intersection,I-75,,Pedestrian,1,1,3,1,2,1,1,1,1,October,Sunday,Clear,Dark - Not Lighted,27.7832,-82.3598
122201,FLORIDA,Not Applicable,NASSAU,Rural,Not an Intersection,US-1,,Rollover/Overturn,1,0,1,1,0,0,0,1,1,October,Friday,Rain,Dark - Not Lighted,30.6490,-81.8727
122202,FLORIDA,Not Applicable,ALACHUA,Rural,Four-Way Intersection,CR-231,156TH AVE,Motor Vehicle in Transport,1,0,2,2,0,0,0,2,2,October,Monday,Cloudy,Daylight,29.7968,-82.3462
122203,FLORIDA,TALLAHASSEE,LEON,Urban,T-Intersection,THOMASVILLE RD,WOODGATE WAY,Motor Vehicle in Transport,1,0,2,2,0,0,0,3,3,October,Tuesday,Clear,Dark - Lighted,30.4862,-84.2565
122204,FLORIDA,Not Applicable,VOLUSIA,Urban,T-Intersection,NEW YORK AVE,WESTWOOD AVE,Motor Vehicle in Transport,1,0,3,3,0,0,0,3,3,May,Tuesday,Rain,Daylight,29.0277,-81.3277
122206,FLORIDA,Not Applicable,HILLSBOROUGH,Urban,Four-Way Intersection,EHRLICH RD,VILLAGE DR,Motor Vehicle in Transport,1,1,2,2,0,0,0,2,2,June,Saturday,Cloudy,Daylight,28.0845,-82.5172
122207,FLORIDA,Not Applicable,HILLSBOROUGH,Trafficway Not in State Inventory,Not an Intersection,FLUME TER,,Non-Motorist on Personal Conveyance,1,0,1,1,0,1,1,2,2,July,Sunday,Clear,Daylight,27.8543,-82.3415
122208,FLORIDA,DELTONA,VOLUSIA,Urban,Not an Intersection,OLD MILL DR,,Rollover/Overturn,1,0,1,1,0,0,0,1,1,July,Saturday,Clear,Dark - Not Lighted,28.9232,-81.2327
122209,FLORIDA,PANAMA CITY BEACH,BAY,Urban,Not an Intersection,US-98,,Pedestrian,1,0,1,1,0,1,1,2,2,October,Saturday,Clear,Dark - Not Lighted,30.2352,-85.9020
122210,FLORIDA,Not Applicable,ORANGE,Rural,Four-Way Intersection,SR-50,FORSYTH RD,Motor Vehicle in Transport,1,0,2,2,0,0,0,2,2,October,Tuesday,Clear,Dark - Lighted,28.5669,-81.2940
122211,FLORIDA,SANFORD,SEMINOLE,Urban,Not an Intersection,CR-415,,Pedalcyclist,1,1,1,1,0,1,1,1,1,June,Friday,Cloudy,Dark - Lighted,28.8013,-81.2371
122212,FLORIDA,Not Applicable,HILLSBOROUGH,Urban,Not an Intersection,I-75,,Pedestrian,1,0,2,2,0,1,1,3,3,September,Friday,Clear,Dark - Lighted,28.0416,-82.3508
122213,FLORIDA,JUPITER,PALM BEACH,Urban,Not an Intersection,SR-706,,Rollover/Overturn,1,1,1,1,0,0,0,1,1,September,Saturday,Rain,Daylight,26.9347,-80.1409
122214,FLORIDA,Not Applicable,COLLIER,Rural,Not an Intersection,CR-92,,Live Vehicle,1,1,1,1,0,0,0,1,1,September,Friday,Cloudy,Dark - Not Lighted,25.9748,-81.6314
122215,FLORIDA,Not Applicable,SEMINOLE,Rural,Not an Intersection,SR-417,,Motor Vehicle in Transport,1,1,2,2,0,0,0,2,2,October,Monday,Clear,Daylight,28.7448,-81.2612
122216,FLORIDA,Not Applicable,SARASOTA,Urban,Four-Way Intersection,US-41,SEMINOLE DR,Pedestrian,1,0,1,1,0,1,1,2,2,October,Monday,Clear,Daylight,27.0620,-82.4163
122217,FLORIDA,MIAMI GARDENS,MIAMI-DADE,Urban,Not an Intersection,US-441,,Motor Vehicle in Transport,1,0,2,2,0,0,0,3,3,October,Saturday,Cloudy,Dark - Lighted,25.9655,-80.2059
122218,FLORIDA,Not Applicable,HILLSBOROUGH,Urban,Four-Way Intersection,US-41,BEACH AVE,Pedestrian,1,0,1,1,0,1,1,1,1,September,Tuesday,Clear,Dark - Lighted,27.8394,-82.3816
122219,FLORIDA,JACKSONVILLE,DUVAL,Urban,Four-Way Intersection,HAMILTON ST,BIRKENHEAD RD,Motor Vehicle in Transport,2,0,2,2,0,0,0,3,3,October,Tuesday,Clear,Dark - Lighted,30.2772,-81.7219
122220,FLORIDA,FORT MYERS,LEE,Urban,Not an Intersection,SR-82,,Motor Vehicle in Transport,1,0,3,3,0,0,0,5,5,September,Friday,Cloudy,Daylight,26.6130,-81.7615
122221,FLORIDA,Not Applicable,MARTIN,Rural,Not an Intersection,SR-710,,Motor Vehicle in Transport,1,1,2,2,0,0,0,2,2,October,Wednesday,Clear,Dark - Not Lighted,26.9662,-80.3858
122222,FLORIDA,Not Applicable,NASSAU,Urban,Four-Way Intersection,US-301,CR-119,Motor Vehicle in Transport,2,1,3,3,0,0,0,6,6,October,Wednesday,Cloudy,Daylight,30.3914,-81.9361
122223,FLORIDA,Not Applicable,POLK,Urban,Four-Way Intersection,BERKLEY RD,OLD DIXIE HWY,Motor Vehicle in Transport,1,0,3,3,0,0,0,3,3,October,Thursday,Rain,Dusk,28.0734,-81.8175
122224,FLORIDA,JACKSONVILLE,DUVAL,Urban,Not an Intersection,ALDEN RD,,Pedestrian,1,0,1,1,0,1,1,1,1,October,Monday,Clear,Dark - Unknown Lighting,30.3012,-81.5224
122225,FLORIDA,CASSELBERRY,SEMINOLE,Urban,Y-Intersection,LAKE DR,PARK DR,Tree (Standing Only),3,0,1,1,0,0,0,3,3,August,Monday,Clear,Dawn,28.6714,-81.3079
122226,FLORIDA,NORTH FORT MYERS,LEE,Rural,T-Intersection,SLATER RD,MELLOW DR,Pedalcyclist,1,0,1,1,0,1,1,1,1,October,Sunday,Clear,Daylight,26.7266,-81.8518
122228,FLORIDA,SANFORD,SEMINOLE,Rural,Four-Way Intersection,SR-600,25TH ST,Motor Vehicle in Transport,1,0,2,2,0,0,0,2,2,August,Saturday,Clear,Dark - Unknown Lighting,28.7866,-81.2730
122229,FLORIDA,Not Applicable,MARION,Rural,Not an Intersection,I-75,,Pedestrian,1,0,1,1,0,1,1,1,1,October,Wednesday,Clear,Dark - Not Lighted,29.2450,-82.1898
122230,FLORIDA,Not Applicable,POLK,Urban,Not an Intersection,SR-60 E,80 FOOT RD,Motor Vehicle in Transport,1,0,2,2,0,0,0,2,2,October,Tuesday,Cloudy,Dark - Not Lighted,27.9094,-81.7742
122231,FLORIDA,JACKSONVILLE,DUVAL,Rural,Not an Intersection,I-95,CHURCH ST,Motor Vehicle in Transport,1,0,2,2,0,0,0,3,3,October,Sunday,Clear,Dark - Lighted,30.3442,-81.6681
122232,FLORIDA,Unknown,MIAMI-DADE,Urban,Not an Intersection,33RD ST,,Utility Pole/Light Support,1,0,1,1,0,0,0,1,1,June,Sunday,Clear,Dark - Lighted,25.8049,-80.3421
122233,FLORIDA,ORLANDO,ORANGE,Urban,Not an Intersection,LANDSTREET RD,,Motor Vehicle in Transport,1,0,2,2,0,0,0,2,2,April,Wednesday,Clear,Dark - Not Lighted,28.4365,-81.3495
122234,FLORIDA,ORLANDO,ORANGE,Urban,Four-Way Intersection,MICHIGAN ST,OSCEOLA AVE,Pedestrian,1,0,1,1,0,1,1,1,1,June,Friday,Clear,Dark - Not Lighted,28.5130,-81.3701
122235,FLORIDA,Not Applicable,VOLUSIA,Rural,Not an Intersection,I-4,,Motor Vehicle in Transport,1,0,2,2,0,0,0,3,3,October,Saturday,Cloudy,Dark - Not Lighted,29.1030,-81.1506
122236,FLORIDA,Not Applicable,BREVARD,Rural,Four-Way Intersection,US-1,MCIVER LANE,Motor Vehicle in Transport,1,0,2,2,0,0,0,2,2,October,Saturday,Cloudy,Daylight,28.2880,-80.6973
122237,FLORIDA,Not Applicable,PINELLAS,Rural,Not an Intersection,CR-611,,Pedestrian,1,0,1,1,0,1,1,1,1,October,Tuesday,Clear,Dark - Lighted,27.8258,-82.6997
122238,FLORIDA,Not Applicable,POLK,Rural,Not an Intersection,CR-640,,Tree (Standing Only),1,1,1,1,0,0,0,1,1,September,Thursday,Clear,Dark - Not Lighted,27.8205,-81.8462
122239,FLORIDA,MIAMI,MIAMI-DADE,Urban,Four-Way Intersection,17TH AVE,7TH STREET,Pedestrian,1,0,1,1,0,1,1,2,2,July,Monday,Clear,Daylight,25.7665,-80.2224
122240,FLORIDA,Not Applicable,COLLIER,Urban,Four-Way Intersection,US-41,SR-29,Motor Vehicle in Transport,1,0,2,2,0,0,0,7,7,October,Monday,Clear,Daylight,25.9108,-81.3644
122241,FLORIDA,Not Applicable,BROWARD,Rural,Not an Intersection,I-95,,Concrete Traffic Barrier,1,0,1,1,0,0,0,1,1,October,Saturday,Clear,Dark - Lighted,26.2750,-80.1251
122242,FLORIDA,Not Applicable,COLLIER,Rural,Roundabout,SR-29,IMMOKALEE DR,Pedestrian,1,0,1,1,0,1,1,5,5,October,Friday,Cloudy,Dark - Not Lighted,26.4256,-81.4397
122243,FLORIDA,Not Applicable,SARASOTA,Rural,Not an Intersection,SR-758,,Working Motor Vehicle,1,1,2,1,1,0,1,1,2,October,Monday,Clear,Dark - Lighted,27.2988,-82.5012
122244,FLORIDA,Not Applicable,CHARLOTTE,Rural,Not an Intersection,PEACHLAND BLVD,,Motor Vehicle in Transport,1,1,2,2,0,0,0,2,2,October,Saturday,Clear,Dark - Lighted,27.0173,-82.0572
122245,FLORIDA,Not Applicable,ESCAMBIA,Urban,Not an Intersection,I-10,,Guardrail Face,1,1,1,1,0,0,0,1,1,October,Wednesday,Clear,Daylight,30.5326,-87.2497
122246,FLORIDA,HIALEAH,MIAMI-DADE,Urban,Not an Intersection,EAST 25TH ST,,Shrubbery,1,0,1,1,0,0,0,1,1,October,Saturday,Clear,Daylight,25.8452,-80.2653
122247,FLORIDA,GULFPORT,PINELLAS,Rural,Four-Way Intersection,CR-611,JERSEY AVE,Fell/jumped from Vehicle,1,0,2,2,0,0,0,2,2,September,Thursday,Rain,Dark - Lighted,27.7596,-82.6998
122248,FLORIDA,KENNETH CITY,PINELLAS,Urban,Not an Intersection,54TH AVE,,Pedestrian,1,0,2,2,0,1,1,4,4,October,Thursday,Cloudy,Dark - Lighted,27.8210,-82.7090
122249,FLORIDA,HIALEAH,MIAMI-DADE,Urban,Not an Intersection,25TH ST,,Utility Pole/Light Support,1,0,1,1,0,0,0,1,1,October,Monday,Clear,Dark - Lighted,25.8455,-80.2607
122250,FLORIDA,PANAMA CITY,BAY,Urban,Not an Intersection,US-98,,Motor Vehicle in Transport,1,0,3,3,0,0,0,3,3,September,Thursday,Rain,Daylight,30.1861,-85.7327
122251,FLORIDA,Not Applicable,LEON,Rural,T-Intersection,BRADFORDIVLLE RD,AYAVALLA PLANTATION,Tree (Standing Only),1,0,1,1,0,0,0,1,1,September,Sunday,Clear,Dawn,30.5607,-84.2133
122252,FLORIDA,Not Applicable,TAYLOR,Rural,Not an Intersection,CR-14,,Rollover/Overturn,1,1,1,1,0,0,0,1,1,October,Saturday,Clear,Dark - Not Lighted,30.2918,-83.7047
122253,FLORIDA,HOLLYWOOD,BROWARD,Urban,Not an Intersection,SR-820,,Pedestrian,1,0,1,1,0,1,1,2,2,October,Saturday,Clear,Dark - Lighted,26.0109,-80.1638
122254,FLORIDA,PANAMA CITY,BAY,Urban,Not an Intersection,US-98,,Motor Vehicle in Transport,1,0,2,2,0,0,0,3,3,October,Friday,Clear,Dark - Lighted,30.1782,-85.7017
122255,FLORIDA,CLEARWATER,PINELLAS,Urban,Not an Intersection,SR-60,,Pedestrian,1,0,1,1,0,1,1,1,1,September,Thursday,Rain,Dark - Lighted,27.9604,-82.7447
122256,FLORIDA,Not Applicable,MADISON,Rural,Not an Intersection,I-10,,Tree (Standing Only),1,0,1,1,0,0,0,2,2,October,Wednesday,Clear,Dark - Not Lighted,30.3727,-83.2644
122257,FLORIDA,Not Applicable,HILLSBOROUGH,Urban,Not an Intersection,US-301,,Motor Vehicle in Transport,2,0,2,2,0,0,0,3,3,October,Wednesday,Cloudy,Daylight,28.1245,-82.2373
122258,FLORIDA,ISLAMORADA,MONROE,Urban,T-Intersection,US-1,CR-905,Motor Vehicle in Transport,2,0,2,2,0,0,0,5,5,October,Friday,Clear,Daylight,24.9604,-80.5679
122259,FLORIDA,AUBURNDALE,POLK,Urban,Not an Intersection,CR-557A,,Motor Vehicle in Transport,1,0,2,2,0,0,0,2,2,October,Friday,Clear,Dark - Not Lighted,28.1683,-81.8065
122260,FLORIDA,Not Applicable,SEMINOLE,Rural,Not an Intersection,TUSKAWILLA RD,,Utility Pole/Light Support,1,0,1,1,0,0,0,2,2,October,Friday,Clear,Dark - Not Lighted,28.6607,-81.2750
122261,FLORIDA,Not Applicable,MIAMI-DADE,Urban,Not an Intersection,I-95,,Guardrail Face,1,0,1,1,0,0,0,1,1,September,Sunday,Cloudy,Dark - Lighted,25.9409,-80.1902
122262,FLORIDA,Not Applicable,VOLUSIA,Rural,Not an Intersection,US-92,,Tree (Standing Only),2,0,1,1,0,0,0,2,2,October,Friday,Clear,Dark - Not Lighted,29.0892,-81.2309
122263,FLORIDA,Not Applicable,VOLUSIA,Rural,Not an Intersection,SR-44,CUCUMBER LANE,Motor Vehicle in Transport,1,1,2,2,0,0,0,2,2,October,Thursday,Clear,Dark - Not Lighted,29.0114,-81.0620
122264,FLORIDA,HIALEAH,MIAMI-DADE,Urban,T-Intersection,OKEECHOBEE RD,SE 8TH ST,Motor Vehicle in Transport,1,0,2,2,0,0,0,2,2,October,Saturday,Clear,Daylight,25.8156,-80.2707
122265,FLORIDA,Not Applicable,MIAMI-DADE,Urban,Four-Way Intersection,SR-976,102 AVE,Motor Vehicle in Transport,1,1,3,3,0,0,0,5,5,October,Thursday,Clear,Dark - Lighted,25.7326,-80.3595
122266,FLORIDA,Not Applicable,BROWARD,Rural,Not an Intersection,I-95,,Pedalcyclist,1,0,1,1,0,1,1,3,3,October,Thursday,Cloudy,Daylight,26.3180,-80.1161
122267,FLORIDA,OCALA,MARION,Urban,Four-Way Intersection,30 AVE,14 ST,Motor Vehicle in Transport,1,0,2,2,0,0,0,3,3,October,Thursday,Clear,Daylight,29.1746,-82.0956
122268,FLORIDA,Not Applicable,ESCAMBIA,Urban,Not an Intersection,SR-292,,Motor Vehicle in Transport,1,0,2,2,0,0,0,2,2,October,Tuesday,Clear,Dark - Not Lighted,30.3532,-87.3789
122269,FLORIDA,Not Applicable,COLUMBIA,Rural,Not an Intersection,I-10,,Motor Vehicle in Transport,1,0,2,2,0,0,0,4,4,October,Saturday,Clear,Daylight,30.2557,-82.7201
122270,FLORIDA,Not Applicable,LEE,Rural,Not an Intersection,SR-739,,Motor Vehicle in Transport,1,0,2,2,0,0,0,3,3,October,Friday,Clear,Dark - Lighted,26.5089,-81.8521
122271,FLORIDA,Not Applicable,ORANGE,Urban,Four-Way Intersection,US-441,HOLDEN AVE,Pedestrian,1,0,1,1,0,1,1,1,1,October,Thursday,Clear,Dark - Lighted,28.4944,-81.3968
122272,FLORIDA,ATLANTIC BEACH,DUVAL,Urban,T-Intersection,SR-A1A,W 10TH STREET,Motor Vehicle in Transport,2,1,2,2,0,0,0,4,4,October,Thursday,Cloudy,Dark - Lighted,30.3311,-81.4168
122273,FLORIDA,Unknown,LEVY,Urban,Not an Intersection,US-19,,Motor Vehicle in Transport,1,0,2,2,0,0,0,2,2,September,Saturday,Clear,Dark - Not Lighted,29.5669,-82.9103
122274,FLORIDA,Not Applicable,NASSAU,Rural,Not an Intersection,LONNIE CREWS RD,,Utility Pole/Light Support,2,1,1,1,0,0,0,9,9,October,Saturday,Clear,Dark - Not Lighted,30.5604,-81.5474
122276,FLORIDA,Not Applicable,LAKE,Rural,Not an Intersection,AG RD,,Fence,1,0,1,1,0,0,0,1,1,October,Monday,Clear,Dark - Not Lighted,28.5513,-81.8860
122277,FLORIDA,Not Applicable,CITRUS,Rural,T-Intersection,SR-44,TIGHE DR,Motor Vehicle in Transport,1,0,2,2,0,0,0,6,6,October,Monday,Clear,Daylight,28.8548,-82.3921
122278,FLORIDA,Not Applicable,MANATEE,Rural,Not an Intersection,63RD AVE,,Curb,1,0,2,2,0,0,0,2,2,October,Friday,Cloudy,Daylight,27.4293,-82.5467
122279,FLORIDA,ORLANDO,ORANGE,Urban,Not an Intersection,SR-423,,Pedestrian,1,0,2,2,0,1,1,4,4,October,Sunday,Clear,Dark - Not Lighted,28.6036,-81.4070
122280,FLORIDA,Not Applicable,MARION,Rural,T-Intersection,CEDAR TRACE,CEDAR TRACE RUN,Pedestrian,1,0,1,1,0,1,1,1,1,October,Tuesday,Clear,Dark - Not Lighted,29.1193,-82.0343
122281,FLORIDA,Not Applicable,COLUMBIA,Rural,Not an Intersection,I-10,,Rollover/Overturn,1,0,1,1,0,0,0,2,2,October,Thursday,Clear,Dark - Not Lighted,30.2712,-82.7759
122282,FLORIDA,Not Applicable,MARTIN,Rural,Not an Intersection,SR-76,,Motor Vehicle in Transport,1,0,2,2,0,0,0,3,3,October,Friday,Clear,Dark - Not Lighted,27.0336,-80.3991
122283,FLORIDA,CLEARWATER,PINELLAS,Urban,T-Intersection,GULF BAY AVE,DAMASCUS RD,Motor Vehicle in Transport,1,0,4,4,0,0,0,11,11,September,Sunday,Clear,Dusk,27.9611,-82.6981
122284,FLORIDA,Not Applicable,VOLUSIA,Rural,Not an Intersection,US-17,,Pedestrian,1,0,1,1,0,2,2,1,1,October,Wednesday,Clear,Dark - Not Lighted,29.1225,-81.3517
122285,FLORIDA,Not Applicable,COLLIER,Rural,Four-Way Intersection,CR-951,VERONAWALK BLVD,Motor Vehicle in Transport,1,0,2,2,0,0,0,2,2,October,Tuesday,Clear,Daylight,26.0873,-81.6872
122286,FLORIDA,Not Applicable,SEMINOLE,Rural,Four-Way Intersection,CR-427,BEDFORD RD,Motor Vehicle in Transport,1,0,2,2,0,0,0,2,2,October,Friday,Clear,Daylight,28.7510,-81.2770
122287,FLORIDA,DUNEDIN,PINELLAS,Urban,Four-Way Intersection,SR-586,US-19,Curb,1,1,1,1,0,0,0,1,1,October,Sunday,Clear,Dark - Lighted,28.0496,-82.7805
122288,FLORIDA,KEY WEST,MONROE,Urban,Not an Intersection,CAROLINE ST,,Motor Vehicle in Transport,1,0,2,2,0,0,0,2,2,October,Tuesday,Clear,Daylight,24.5587,-81.8033
122289,FLORIDA,PEMBROKE PINES,BROWARD,Urban,Not an Intersection,SR-824,,Pedestrian,1,0,1,1,0,1,1,2,2,October,Saturday,Clear,Dark - Lighted,25.9957,-80.1779
122290,FLORIDA,PALM BAY,BREVARD,Urban,Not an Intersection,RIVIERA DR NE,,Pedestrian,1,0,1,1,0,1,1,2,2,October,Saturday,Clear,Dusk,28.0297,-80.6282
122291,FLORIDA,Not Applicable,LEON,Rural,T-Intersection,SR-20,GEDDIE RD,Motor Vehicle in Transport,1,0,2,2,0,0,0,2,2,August,Tuesday,Clear,Dark - Unknown Lighting,30.4435,-84.4036
122292,FLORIDA,FORT LAUDERDALE,BROWARD,Urban,T-Intersection,19TH ST,30TH AV,Motor Vehicle in Transport,1,0,2,2,0,0,0,6,6,October,Thursday,Clear,Dark - Lighted,26.1508,-80.1843
122293,FLORIDA,GAINESVILLE,ALACHUA,Urban,Four-Way Intersection,SR-329,MAIN ST,Pedestrian,1,0,1,1,0,1,1,2,2,October,Tuesday,Clear,Dark - Lighted,29.6519,-82.3250
122294,FLORIDA,SAINT PETERSBURG,PINELLAS,Urban,Not an Intersection,4TH ST,,Motor Vehicle in Transport,1,0,2,2,0,0,0,4,4,October,Saturday,Clear,Dark - Lighted,27.7935,-82.6385
122295,FLORIDA,Not Applicable,SUWANNEE,Rural,T-Intersection,US-90,89TH RD,Motor Vehicle in Transport,1,0,3,3,0,0,0,6,6,October,Tuesday,Clear,Daylight,30.2644,-82.9165
122296,FLORIDA,Not Applicable,DE SOTO,Rural,Not an Intersection,SR-31,,Motor Vehicle in Transport,2,0,3,3,0,0,0,5,5,October,Monday,Cloudy,Daylight,27.1782,-81.8277
122297,FLORIDA,NEW SMYRNA BEACH,VOLUSIA,Urban,Four-Way Intersection,WASHINGTON ST,RIVERSIDE DR,Curb,1,1,1,1,0,0,0,1,1,October,Sunday,Clear,Dark - Lighted,29.0276,-80.9224
122298,FLORIDA,Not Applicable,POLK,Rural,Not an Intersection,SR-98,,Rollover/Overturn,1,0,1,1,0,0,0,1,1,September,Tuesday,Clear,Dark - Lighted,28.1377,-81.9735
122299,FLORIDA,ORMOND BEACH,VOLUSIA,Urban,Not an Intersection,I-95,,Motor Vehicle in Transport,1,0,3,3,0,0,0,5,5,October,Friday,Cloudy,Daylight,29.3026,-81.1316
122300,FLORIDA,Not Applicable,ORANGE,Rural,Not an Intersection,SR-551,,Utility Pole/Light Support,1,0,1,1,0,0,0,1,1,October,Wednesday,Clear,Dark - Lighted,28.5380,-81.2857
122301,FLORIDA,Not Applicable,HILLSBOROUGH,Urban,Four-Way Intersection,BOYETTE RD,BALM RIVERVIEW RD,Motor Vehicle in Transport,1,1,3,3,0,0,0,4,4,October,Tuesday,Clear,Dusk,27.8534,-82.3145
122302,FLORIDA,FORT MYERS,LEE,Urban,T-Intersection,METRO PKWY,OLD METRO PKWY,Motor Vehicle in Transport,1,0,2,2,0,0,0,2,2,October,Wednesday,Clear,Dark - Lighted,26.6102,-81.8521
122304,FLORIDA,JACKSONVILLE,DUVAL,Urban,Not an Intersection,US-1,,Motor Vehicle in Transport,2,1,3,3,0,2,2,3,3,October,Sunday,Clear,Dark - Lighted,30.5211,-81.7991
122305,FLORIDA,DAVIE,BROWARD,Urban,Not an Intersection,S PINE ISLAND RD,,Curb,1,0,1,1,0,0,0,1,1,October,Saturday,Clear,Dark - Lighted,26.0712,-80.2643
122306,FLORIDA,WEST PALM BEACH,PALM BEACH,Urban,Four-Way Intersection,US-1,39TH ST,Pedestrian,1,0,1,1,0,1,1,1,1,October,Friday,Clear,Dark - Lighted,26.7484,-80.0565
122307,FLORIDA,Not Applicable,NASSAU,Rural,T-Intersection,US-1,PINEBREEZE CIR,Motor Vehicle in Transport,1,0,2,2,0,0,0,2,2,October,Friday,"Fog, Smog, Smoke",Dark - Not Lighted,30.5385,-81.8118
122308,FLORIDA,TAMPA,HILLSBOROUGH,Urban,Not an Intersection,SR-589,SR-60,Motor Vehicle in Transport,2,1,2,2,0,0,0,3,3,October,Saturday,Clear,Dark - Lighted,27.9676,-82.5462
122309,FLORIDA,Not Applicable,SUWANNEE,Rural,Four-Way Intersection,SR-247,77TH RD,Motor Vehicle in Transport,1,0,2,2,0,0,0,3,3,October,Saturday,Clear,Daylight,29.9696,-82.8983
122310,FLORIDA,CORAL SPRINGS,BROWARD,Urban,Not an Intersection,SR-869,,Pedestrian,1,0,1,1,0,1,1,1,1,October,Saturday,Clear,Dark - Lighted,26.2449,-80.2970
122311,FLORIDA,Not Applicable,MARION,Rural,Four-Way Intersection,CR-467,136TH PL,Motor Vehicle in Transport,1,1,2,2,0,0,0,3,3,October,Wednesday,Clear,Dark - Not Lighted,29.0240,-82.0868