ST_CASE,STATE_NAME,CITY_NAME,COUNTY_NAME,RUR_URB_NAME,TYP_INT_NAME,TWAY_ID,TWAY_ID2,HARM_EV_NAME,FATALS,DRUNK_DR,VE_TOTAL,VE_FORMS,PVH_INVL,PEDS,PERNOTMVIT,PERMVIT,PERSONS,MONTH_NAME,DAY_WEEK_NAME,WEATHER_NAME,LGT_COND_NAME,LATITUDE,LONGITUD
122584,FLORIDA,Not Applicable,BREVARD,Rural,Not an Intersection,US-1,,Motor Vehicle in Transport,1,0,2,2,0,0,0,2,2,December,Thursday,Cloudy,Daylight,28.1786,-80.6505
122585,FLORIDA,WEST PALM BEACH,PALM BEACH,Urban,Not an Intersection,SR-704,JOG RD,Motor Vehicle in Transport,1,0,2,2,0,0,0,2,2,December,Wednesday,Clear,Dark - Lighted,26.7079,-80.1517
122586,FLORIDA,FORT LAUDERDALE,BROWARD,Urban,Not an Intersection,SR-87,,Pedestrian,1,0,1,1,0,1,1,1,1,December,Friday,Clear,Dark - Lighted,26.1896,-80.1147
122587,FLORIDA,LADY LAKE,LAKE,Rural,Not an Intersection,TEAGUE TRL,,Pedestrian,1,0,1,1,0,1,1,3,3,December,Friday,Clear,Dark - Not Lighted,28.9329,-81.9263
122588,FLORIDA,Not Applicable,DUVAL,Rural,Not an Intersection,I-10,,Rollover/Overturn,1,0,1,1,0,0,0,4,4,November,Friday,Cloudy,Daylight,30.3151,-81.7691
122589,FLORIDA,Not Applicable,MARTIN,Rural,Not an Intersection,I-95,,Motor Vehicle in Transport,1,0,3,3,0,0,0,3,3,November,Thursday,Cloudy,Dark - Not Lighted,27.0949,-80.2550
122590,FLORIDA,Not Applicable,LEE,Rural,Not an Intersection,CR-884,,Motor Vehicle in Transport,1,1,4,4,0,0,0,6,6,November,Friday,Cloudy,Daylight,26.6208,-81.7579
122591,FLORIDA,Not Applicable,PASCO,Urban,Four-Way Intersection,US-19,BEACH BLVD,Motor Vehicle in Transport,1,0,2,2,0,0,0,2,2,November,Sunday,Clear,Dark - Lighted,28.3423,-82.6993
122592,FLORIDA,Not Applicable,HOLMES,Rural,Not an Intersection,SR-79,,Ditch,1,0,1,1,0,0,0,1,1,November,Sunday,Clear,Dark - Not Lighted,30.8941,-85.6557
122593,FLORIDA,HOLLYWOOD,BROWARD,Urban,Not an Intersection,WASHINGTON ST,,Tree (Standing Only),1,0,1,1,0,3,3,1,1,November,Monday,Clear,Daylight,26.0030,-80.1807
122595,FLORIDA,Not Applicable,ALACHUA,Rural,Not an Intersection,156TH AVE,,Utility Pole/Light Support,1,0,1,1,0,0,0,1,1,December,Tuesday,Cloudy,Daylight,29.8005,-82.4022
122596,FLORIDA,Not Applicable,ORANGE,Rural,Not an Intersection,SR-50,,Motor Vehicle in Transport,1,0,2,2,0,0,0,3,3,November,Saturday,Clear,Daylight,28.5382,-80.9744
122597,FLORIDA,Not Applicable,HILLSBOROUGH,Urban,Four-Way Intersection,US-92,56TH STREET,Rollover/Overturn,1,0,2,2,0,0,0,2,2,November,Wednesday,Clear,Dawn,27.9962,-82.3934
122598,FLORIDA,PALMETTO,MANATEE,Rural,Not an Intersection,US-41,,"Other Post, Other Pole, or Other Support",1,1,1,1,0,0,0,1,1,December,Tuesday,"Fog, Smog, Smoke",Dark - Lighted,27.5851,-82.5401
122599,FLORIDA,Not Applicable,LEE,Urban,Roundabout,PLANTATION RD,CRYSTAL DR,Curb,1,0,1,1,0,0,0,1,1,November,Monday,Clear,Dark - Lighted,26.5647,-81.8469
122600,FLORIDA,Not Applicable,SARASOTA,Rural,Not an Intersection,I-75,,Tree (Standing Only),1,1,1,1,0,0,0,3,3,December,Tuesday,Cloudy,Dark - Not Lighted,27.2405,-82.4511
122602,FLORIDA,TALLAHASSEE,LEON,Urban,Not an Intersection,US-27,,Motor Vehicle in Transport,1,1,2,2,0,0,0,3,3,December,Friday,Clear,Dark - Lighted,30.4293,-84.2419
122603,FLORIDA,SARASOTA,SARASOTA,Urban,Not an Intersection,SR-45,,Motor Vehicle in Transport,1,0,2,2,0,0,0,3,3,November,Thursday,Clear,Dark - Lighted,27.3378,-82.5467
122605,FLORIDA,Not Applicable,ORANGE,Rural,Not an Intersection,SR-535,,Motor Vehicle in Transport,1,0,2,2,0,0,0,3,3,November,Sunday,Clear,Dusk,28.3756,-81.5041
122606,FLORIDA,SAINT PETERSBURG,PINELLAS,Urban,Four-Way Intersection,66TH ST,30TH AVE,Motor Vehicle in Transport,1,0,2,2,0,0,0,2,2,December,Monday,Clear,Dark - Lighted,27.7990,-82.7284
122607,FLORIDA,SAINT PETERSBURG,PINELLAS,Urban,Unknown,34TH ST,15TH AVE,Pedestrian,1,0,1,1,0,1,1,1,1,December,Friday,Clear,Dusk,27.7557,-82.6793
122608,FLORIDA,DEBARY,VOLUSIA,Urban,Not an Intersection,US-92,,Motor Vehicle in Transport,2,0,2,2,0,0,0,2,2,November,Wednesday,Clear,Daylight,28.8798,-81.3101
122610,FLORIDA,Not Applicable,SARASOTA,Trafficway Not in State Inventory,Not an Intersection,CLAXSTRAUSS DR,,Rollover/Overturn,1,1,1,1,0,0,0,4,4,November,Saturday,Clear,Dark - Not Lighted,27.3354,-82.4308
122611,FLORIDA,Not Applicable,SARASOTA,Urban,Not an Intersection,ALLIGATOR  RD,,Ditch,1,0,1,1,0,0,0,1,1,November,Monday,Clear,Dark - Lighted,27.0543,-82.4139
122612,FLORIDA,JUPITER,PALM BEACH,Urban,Not an Intersection,I-95,INDIANTOWN RD,Guardrail Face,1,0,1,1,0,0,0,3,3,November,Monday,Clear,Daylight,26.9303,-80.1489
122613,FLORIDA,BOCA RATON,PALM BEACH,Urban,T-Intersection,SR-811,NORTHWEST 28TH ST,Motor Vehicle in Transport,1,1,2,2,0,0,0,3,3,November,Tuesday,Clear,Dark - Lighted,26.3760,-80.0835
122614,FLORIDA,Not Applicable,LAKE,Rural,Not an Intersection,CR-468,,Tree (Standing Only),1,0,1,1,0,0,0,2,2,November,Friday,Clear,Dark - Not Lighted,28.8203,-81.9161
122615,FLORIDA,JACKSONVILLE,DUVAL,Rural,Not an Intersection,I-95,,Motor Vehicle in Transport,1,1,2,2,0,0,0,2,2,December,Monday,Clear,Dark - Lighted,30.4240,-81.6563
122616,FLORIDA,MIAMI GARDENS,MIAMI-DADE,Urban,Four-Way Intersection,SR-817,19500 SR-817,Motor Vehicle in Transport,1,0,2,2,0,0,0,2,2,June,Tuesday,Clear,Daylight,25.9502,-80.2456
122617,FLORIDA,MIAMI GARDENS,MIAMI-DADE,Urban,T-Intersection,SR-860 NW 183RD ST,6TH AVE,Pedestrian,1,0,1,1,0,1,1,1,1,November,Monday,Clear,Dark - Lighted,25.9422,-80.2110
122618,FLORIDA,Not Applicable,HILLSBOROUGH,Rural,Four-Way Intersection,PROVIDENCE RIDGE BLVD,STERLING PALMS CT,Curb,1,0,1,1,0,0,0,1,1,December,Monday,Clear,Dark - Unknown Lighting,27.9076,-82.3204
122620,FLORIDA,MIAMI,MIAMI-DADE,Urban,Four-Way Intersection,28TH ST,22ND AVE,Motor Vehicle in Transport,1,0,4,3,1,1,1,5,5,November,Wednesday,Clear,Daylight,25.8019,-80.2316
122621,FLORIDA,Not Applicable,POLK,Rural,Not an Intersection,CR-580,,Utility Pole/Light Support,1,1,1,1,0,0,0,1,1,September,Tuesday,Clear,Dark - Not Lighted,28.1383,-81.5118
122622,FLORIDA,HOMESTEAD,MIAMI-DADE,Urban,Not an Intersection,43RD AVE,,Curb,2,0,1,1,0,0,0,3,3,November,Monday,Clear,Daylight,25.4859,-80.4121
122623,FLORIDA,JACKSONVILLE,DUVAL,Urban,Four-Way Intersection,COLLINS ROAD,PLANTATION BAY DR,Motor Vehicle in Transport,1,0,2,2,0,0,0,4,4,December,Wednesday,Clear,Daylight,30.2042,-81.7517
122624,FLORIDA,JACKSONVILLE,DUVAL,Urban,Four-Way Intersection,SR-103,6500 RAMONA BLVD,Pedestrian,1,0,1,1,0,1,1,1,1,December,Wednesday,Clear,Dusk,30.3456,-81.6858
122626,FLORIDA,Not Applicable,MIAMI-DADE,Rural,Not an Intersection,CR-973,,Curb,1,0,1,1,0,0,0,1,1,November,Sunday,Clear,Dark - Lighted,25.7383,-80.3358
122627,FLORIDA,MELBOURNE,BREVARD,Urban,Not an Intersection,APOLLO BLVD,,Pedestrian,1,0,2,2,0,1,1,2,2,December,Wednesday,Clear,Dark - Not Lighted,28.1201,-80.6386
122628,FLORIDA,Not Applicable,HIGHLANDS,Urban,Four-Way Intersection,US-27,PALMETTO ST,Pedestrian,1,0,1,1,0,1,1,1,1,December,Sunday,Clear,Dark - Lighted,27.6092,-81.5144
122629,FLORIDA,NORTH MIAMI BEACH,MIAMI-DADE,Urban,Not an Intersection,SR-826,,Pedestrian,1,0,1,1,0,1,1,1,1,December,Thursday,Clear,Dark - Lighted,25.9283,-80.1967
122631,FLORIDA,LAKELAND,POLK,Urban,T-Intersection,DRANE FIELD RD,AIR PARK DR,Motor Vehicle in Transport,1,0,2,2,0,0,0,2,2,December,Sunday,Cloudy,Daylight,27.9966,-82.0269
122632,FLORIDA,Not Reported,BRADFORD,Urban,Not an Intersection,SR-21,,Motor Vehicle in Transport,1,0,2,2,0,0,0,2,2,December,Friday,Clear,Daylight,29.7547,-82.0570
122633,FLORIDA,Not Applicable,BREVARD,Rural,Not an Intersection,SR-405,,Motor Vehicle in Transport,1,0,3,3,0,0,0,3,3,December,Saturday,Cloudy,Daylight,28.5272,-80.7628
122634,FLORIDA,Not Applicable,ESCAMBIA,Urban,Not an Intersection,GUIDY LN,,Fence,1,0,1,1,0,0,0,1,1,December,Tuesday,"Fog, Smog, Smoke",Dawn,30.5400,-87.2474
122635,FLORIDA,Not Applicable,HILLSBOROUGH,Urban,Not an Intersection,SR-574,,Rollover/Overturn,1,1,1,1,0,0,0,1,1,December,Sunday,Clear,Dusk,27.9817,-82.3069
122636,FLORIDA,Not Applicable,HILLSBOROUGH,Rural,Not an Intersection,CR-582,,Motor Vehicle in Transport,1,0,2,2,0,0,0,10,10,December,Friday,Cloudy,Dark - Not Lighted,28.1417,-82.6182
122637,FLORIDA,Not Applicable,VOLUSIA,Rural,Four-Way Intersection,US-17,FIREHOUSE ROAD,Motor Vehicle in Transport,1,1,2,2,0,0,0,4,4,December,Wednesday,Clear,Dark - Not Lighted,28.9806,-81.2993
122638,FLORIDA,Not Applicable,PINELLAS,Rural,Not an Intersection,I-275,,Guardrail Face,1,1,1,1,0,0,0,2,2,December,Monday,Clear,Dark - Lighted,27.7855,-82.6611
122639,FLORIDA,Not Applicable,LAKE,Rural,Not an Intersection,SR-33,,Motor Vehicle in Transport,1,0,2,2,0,0,0,4,4,December,Monday,Clear,Daylight,28.5020,-81.8374
122640,FLORIDA,Not Applicable,LEE,Urban,Not an Intersection,BUCKINGHAM RD,,Motor Vehicle in Transport,1,0,2,2,0,0,0,2,2,December,Friday,Rain,Daylight,26.6572,-81.7228
122641,FLORIDA,Not Applicable,VOLUSIA,Rural,Not an Intersection,I-4,,Motor Vehicle in Transport,1,1,2,2,0,0,0,2,2,December,Saturday,Clear,Dark - Not Lighted,28.8636,-81.2909
122642,FLORIDA,Not Applicable,SANTA ROSA,Urban,Four-Way Intersection,US-98,SUNRISE DR,Pedestrian,1,0,2,2,0,1,1,6,6,December,Saturday,Clear,Dark - Lighted,30.4022,-86.9343
122643,FLORIDA,Not Applicable,WALTON,Urban,Four-Way Intersection,US-331,SR-20,Motor Vehicle in Transport,1,0,2,2,0,0,0,5,5,December,Sunday,Cloudy,Dark - Lighted,30.4911,-86.1213
122644,FLORIDA,Not Applicable,VOLUSIA,Urban,Four-Way Intersection,US-92,WEST PKWY,Motor Vehicle in Transport,1,0,5,5,0,0,0,6,6,December,Wednesday,Clear,Daylight,29.0694,-81.2546
122645,FLORIDA,Not Applicable,MANATEE,Rural,Four-Way Intersection,51ST ST,26TH AVE,Motor Vehicle in Transport,1,0,2,2,0,0,0,2,2,December,Saturday,Clear,Daylight,27.4775,-82.6123
122646,FLORIDA,Not Applicable,BREVARD,Rural,Not an Intersection,I-95,,Motor Vehicle in Transport,1,0,2,2,0,0,0,2,2,December,Saturday,Clear,Dark - Not Lighted,28.3320,-80.7760
122647,FLORIDA,LAKE MARY,SEMINOLE,Urban,Not an Intersection,LAKE EMMA RD,,Curb,1,0,1,1,0,1,1,4,4,December,Thursday,Clear,Dawn,28.7453,-81.3590
122648,FLORIDA,SAINT PETERSBURG,PINELLAS,Urban,Not an Intersection,54TH AVE,,Tree (Standing Only),1,1,1,1,0,0,0,3,3,December,Tuesday,Clear,Dark - Lighted,27.7189,-82.6838
122649,FLORIDA,Not Applicable,CHARLOTTE,Rural,Not an Intersection,CR-74,,Motor Vehicle in Transport,1,0,2,2,0,0,0,4,4,December,Monday,"Fog, Smog, Smoke",Dawn,26.9459,-81.7705
122650,FLORIDA,Not Applicable,SEMINOLE,Rural,Not an Intersection,LAKE DR,,Mail Box,1,0,1,1,0,2,2,1,1,December,Saturday,Clear,Daylight,28.6668,-81.2866
122652,FLORIDA,Not Applicable,ORANGE,Rural,T-Intersection,CR-431,INDIAN HILL RD,Motor Vehicle in Transport,1,0,2,2,0,0,0,3,3,December,Friday,Clear,Dark - Lighted,28.5890,-81.4515
122653,FLORIDA,Not Applicable,MANATEE,Rural,T-Intersection,GLEN EAGLES CROSSING,THE PARK BLVD,Immersion or Partial Immersion,1,0,1,1,0,0,0,1,1,December,Tuesday,"Fog, Smog, Smoke",Dark - Lighted,27.3993,-82.4754
122654,FLORIDA,Not Applicable,SUWANNEE,Rural,T-Intersection,CR-137,264TH ST,Motor Vehicle in Transport,1,0,2,2,0,0,0,2,2,December,Tuesday,"Fog, Smog, Smoke",Dark - Not Lighted,29.9714,-82.8104
122655,FLORIDA,Not Applicable,BAY,Rural,Not an Intersection,SR-77,,Motor Vehicle in Transport,1,1,2,2,0,0,0,3,3,November,Saturday,Clear,Dark - Not Lighted,30.3359,-85.6598
122656,FLORIDA,Not Applicable,MONROE,Rural,Not an Intersection,US-1,,Pedestrian,1,0,1,1,0,1,1,2,2,December,Friday,Clear,Dark - Not Lighted,24.6696,-81.3526
122657,FLORIDA,Not Applicable,ORANGE,Rural,Four-Way Intersection,TOWN CENTER BLVD,STONEBROOK PL,Motor Vehicle in Transport,1,0,3,3,0,0,0,7,7,November,Thursday,Clear,Daylight,28.3615,-81.3704
122658,FLORIDA,Not Applicable,PINELLAS,Rural,Not an Intersection,US-19 N,,Motor Vehicle in Transport,1,0,2,2,0,0,0,2,2,December,Saturday,Clear,Dark - Lighted,28.1005,-82.7396
122659,FLORIDA,Not Applicable,DE SOTO,Rural,T-Intersection,SR-70,CR-661,Motor Vehicle in Transport,1,0,2,2,0,0,0,4,4,November,Monday,Cloudy,Dusk,27.2276,-81.8917
122660,FLORIDA,JACKSONVILLE,DUVAL,Urban,Not an Intersection,SR-10,HUTCHINSON RD,Pedestrian,1,0,2,2,0,1,1,2,2,December,Sunday,Clear,Dark - Not Lighted,30.3135,-81.8565
122661,FLORIDA,HOLLY HILL,VOLUSIA,Urban,Four-Way Intersection,FLOMICH ST,BIRMINGHAM AV,Motor Vehicle in Transport,1,0,3,3,0,0,0,4,4,December,Thursday,Clear,Dusk,29.2517,-81.0564
122662,FLORIDA,Not Applicable,POLK,Rural,T-Intersection,SR-37,CR-630,Motor Vehicle in Transport,1,0,2,2,0,0,0,2,2,November,Tuesday,Clear,Daylight,27.7431,-81.9974
122663,FLORIDA,Not Applicable,MIAMI-DADE,Rural,Not an Intersection,77TH CT,,Pedestrian,1,0,1,1,0,1,1,1,1,December,Friday,Clear,Dark - Not Lighted,25.9245,-80.3253
122664,FLORIDA,FORT MYERS,LEE,Urban,T-Intersection,SR-884,RAMP,Motor Vehicle in Transport,1,1,2,2,0,0,0,2,2,December,Thursday,Clear,Dark - Lighted,26.5968,-81.8735
122665,FLORIDA,HOLLYWOOD,BROWARD,Urban,Four-Way Intersection,HOOD ST,69TH AV,Motor Vehicle in Transport,1,0,2,2,0,0,0,4,4,December,Friday,Cloudy,Daylight,26.0323,-80.2265
122666,FLORIDA,NEW PORT RICHEY,PASCO,Urban,T-Intersection,BOUGENVILLE DR,HIBISCUS DR,Fell/jumped from Vehicle,1,0,1,1,0,0,0,1,1,December,Friday,Clear,Daylight,28.2307,-82.7274
122667,FLORIDA,Not Applicable,HILLSBOROUGH,Rural,Not an Intersection,SR-674,OWENS LAKE RD,Motor Vehicle in Transport,1,0,2,2,0,0,0,2,2,December,Monday,Clear,Daylight,27.7048,-82.2118
122668,FLORIDA,Not Applicable,HARDEE,Rural,Not an Intersection,SR-62,,Motor Vehicle in Transport,1,0,2,2,0,0,0,3,3,December,Wednesday,Clear,Daylight,27.5948,-81.9450
122669,FLORIDA,Not Applicable,VOLUSIA,Rural,Not an Intersection,I-4,,Utility Pole/Light Support,1,0,1,1,0,0,0,3,3,December,Sunday,Clear,Dark - Lighted,28.9102,-81.2722
122670,FLORIDA,Not Applicable,HILLSBOROUGH,Urban,T-Intersection,SR-43,DELANEY CREEK BLVD,Motor Vehicle in Transport,1,0,2,2,0,0,0,2,2,November,Sunday,Clear,Daylight,27.9349,-82.3521
122671,FLORIDA,ROCKLEDGE,BREVARD,Urban,Four-Way Intersection,US-1,FLORIDA AVE,Motor Vehicle in Transport,1,0,2,2,0,0,0,2,2,December,Tuesday,Clear,Daylight,28.3372,-80.7264
122672,FLORIDA,ALACHUA,ALACHUA,Urban,Not an Intersection,US-441,,Motor Vehicle in Transport,1,0,2,2,0,0,0,2,2,December,Monday,Clear,Dark - Not Lighted,29.7386,-82.3837
122673,FLORIDA,MIRAMAR,BROWARD,Urban,Not an Intersection,MIRAMAR PKWY,12461 MIRAMAR PKWY,Motor Vehicle in Transport,1,0,2,2,0,0,0,2,2,December,Friday,Clear,Dark - Lighted,25.9791,-80.3278
122675,FLORIDA,Not Applicable,BREVARD,Rural,Not an Intersection,US-192,,Pedestrian,1,0,2,2,0,1,1,2,2,December,Wednesday,"Fog, Smog, Smoke",Dark - Not Lighted,28.0790,-80.7393
122678,FLORIDA,Not Applicable,MIAMI-DADE,Urban,Four-Way Intersection,SR-915,SR-860,Pedestrian,1,0,1,1,0,1,1,1,1,November,Tuesday,Clear,Dark - Lighted,25.9414,-80.1887
122679,FLORIDA,BONITA SPRINGS,LEE,Urban,Not an Intersection,CR-887,,Pedalcyclist,1,0,1,1,0,1,1,1,1,December,Thursday,Clear,Dark - Not Lighted,26.3207,-81.7861
122680,FLORIDA,Not Applicable,WASHINGTON,Rural,Four-Way Intersection,SR-79,SR-20,Motor Vehicle in Transport,1,0,3,3,0,0,0,6,6,December,Thursday,Clear,Daylight,30.4432,-85.8743
122681,FLORIDA,Not Applicable,COLUMBIA,Rural,Not an Intersection,CR-252,,Pedestrian,1,0,1,1,0,1,1,1,1,December,Thursday,Clear,Dark - Not Lighted,30.1616,-82.7679
122683,FLORIDA,Not Applicable,CHARLOTTE,Rural,Four-Way Intersection,US-41,TOLEDO BLADE BOULEVARD,Motor Vehicle in Transport,1,0,2,2,0,0,0,4,4,November,Sunday,Clear,Dark - Not Lighted,27.0181,-82.1637
122685,FLORIDA,Not Applicable,SARASOTA,Rural,Not an Intersection,RICHARDSON RD,,Embankment,1,0,1,1,0,0,0,1,1,December,Sunday,Cloudy,Dark - Not Lighted,27.3432,-82.4164
122686,FLORIDA,Not Applicable,MIAMI-DADE,Rural,Not an Intersection,SR-854,,Pedestrian,1,0,1,1,0,1,1,1,1,December,Tuesday,Clear,Daylight,25.9580,-80.1929
122687,FLORIDA,Not Applicable,ORANGE,Rural,T-Intersection,SR-527,BEAR CROSSING DR,Motor Vehicle in Transport,1,1,2,2,0,0,0,2,2,December,Monday,Cloudy,Dark - Lighted,28.3833,-81.3761
122688,FLORIDA,Not Applicable,ORANGE,Rural,Not an Intersection,HIAWASSEE RD,,Pedestrian,1,0,3,3,0,1,1,8,8,December,Monday,Rain,Dark - Lighted,28.5707,-81.4759
122689,FLORIDA,JACKSONVILLE,DUVAL,Urban,Not an Intersection,SR-115,,Pedestrian,1,1,1,1,0,1,1,1,1,December,Monday,Rain,Dark - Lighted,30.3232,-81.5591
122690,FLORIDA,PLANTATION,BROWARD,Urban,Four-Way Intersection,SR-817,FEDERATED RD,Motor Vehicle in Transport,1,0,2,2,0,0,0,3,3,November,Monday,Clear,Dark - Lighted,26.1151,-80.2506
122691,FLORIDA,Not Applicable,ST. LUCIE,Rural,Not an Intersection,CR-607A,,Motor Vehicle in Transport,1,1,2,2,0,0,0,5,5,December,Saturday,Other,Dark - Not Lighted,27.4694,-80.3972
122692,FLORIDA,Not Applicable,ST. LUCIE,Rural,Not an Intersection,CR-68,,Motor Vehicle in Transport,1,0,2,2,0,0,0,11,11,December,Monday,"Fog, Smog, Smoke",Dawn,27.4480,-80.5843
122693,FLORIDA,Not Applicable,HOLMES,Rural,Not an Intersection,CR-185,,Ditch,1,0,1,1,0,0,0,2,2,December,Saturday,Clear,Dark - Not Lighted,30.9317,-85.9854
122694,FLORIDA,Not Applicable,WAKULLA,Rural,T-Intersection,CR-365,REDMAN RD,Motor Vehicle in Transport,1,0,2,2,0,0,0,2,2,December,Tuesday,"Fog, Smog, Smoke",Dawn,30.1730,-84.3094
122695,FLORIDA,Not Applicable,PUTNAM,Rural,Four-Way Intersection,SR-207,CABBAGE PATCH DR,Motor Vehicle in Transport,1,0,2,2,0,0,0,3,3,December,Monday,"Fog, Smog, Smoke",Daylight,29.6750,-81.5836
122696,FLORIDA,Not Applicable,HILLSBOROUGH,Urban,Not an Intersection,SR-574 DR ML KING JR BLVD,,Pedestrian,1,0,1,1,0,1,1,1,1,December,Saturday,Clear,Other,27.9812,-82.3495
122697,FLORIDA,Not Applicable,SARASOTA,Rural,Four-Way Intersection,SR-776,OVERBROOK RD,Motor Vehicle in Transport,1,0,2,2,0,0,0,5,5,December,Saturday,Clear,Dark - Lighted,27.0001,-82.3766
122698,FLORIDA,AUBURNDALE,POLK,Urban,Four-Way Intersection,US-92,DAIRY RD,Motor Vehicle in Transport,2,0,2,2,0,0,0,3,3,December,Wednesday,Clear,Daylight,28.0611,-81.7762
122699,FLORIDA,Not Applicable,POLK,Rural,Not an Intersection,US-27,,Culvert,1,0,1,1,0,0,0,2,2,September,Saturday,Clear,Dark - Not Lighted,27.7226,-81.5648
122700,FLORIDA,TALLAHASSEE,LEON,Urban,T-Intersection,HOLTON ST,FLORAL ST,Embankment,1,1,1,1,0,0,0,1,1,December,Tuesday,"Fog, Smog, Smoke",Dark - Lighted,30.4276,-84.2962
122701,FLORIDA,ORLANDO,ORANGE,Urban,Not an Intersection,SR-435,,Motor Vehicle in Transport,1,0,2,2,0,0,0,2,2,December,Thursday,Clear,Daylight,28.5522,-81.4557
122702,FLORIDA,Not Applicable,CHARLOTTE,Rural,Not an Intersection,FLORIDA STREET,,Utility Pole/Light Support,1,0,1,1,0,0,0,1,1,December,Saturday,Clear,Daylight,26.9365,-82.0235
122703,FLORIDA,Not Applicable,OSCEOLA,Rural,Not an Intersection,SIMPSON RD,,Motor Vehicle in Transport,1,0,2,2,0,0,0,2,2,December,Saturday,Clear,Dark - Not Lighted,28.3081,-81.3479
122704,FLORIDA,Not Applicable,PUTNAM,Rural,Not an Intersection,LAKEWAY DR,,Pedestrian,1,0,1,1,0,1,1,1,1,December,Monday,Clear,Dark - Not Lighted,29.3972,-81.6235
122705,FLORIDA,Not Applicable,ORANGE,Rural,T-Intersection,SR-50,VINCENT RD,Pedestrian,1,0,1,1,0,1,1,1,1,December,Friday,Clear,Dark - Not Lighted,28.5699,-81.2350
122706,FLORIDA,Not Applicable,POLK,Urban,Four-Way Intersection,US-17,CARROLL DRIVE,Pedestrian,1,0,1,1,0,1,1,2,2,November,Tuesday,Clear,Dark - Lighted,28.0584,-81.7327
122707,FLORIDA,Not Applicable,MIAMI-DADE,Urban,T-Intersection,12TH AVE,212TH TER,Motor Vehicle in Transport,1,0,2,2,0,0,0,2,2,December,Thursday,Clear,Dark - Lighted,25.9711,-80.1785
122708,FLORIDA,JACKSONVILLE,DUVAL,Urban,Not an Intersection,SR-202,SOUTHSIDE BOULEVARD,Concrete Traffic Barrier,1,1,1,1,0,0,0,1,1,December,Sunday,Cloudy,Dusk,30.2499,-81.5524
122709,FLORIDA,Not Applicable,UNION,Rural,Not an Intersection,SR-121,242ND LN,Tree (Standing Only),1,0,1,1,0,0,0,1,1,December,Sunday,Cloudy,Dark - Not Lighted,30.1111,-82.2159
122711,FLORIDA,DAVIE,BROWARD,Urban,Not an Intersection,I-75,,Motor Vehicle in Transport,1,1,2,2,0,0,0,2,2,December,Sunday,Cloudy,Dark - Not Lighted,26.0292,-80.3527
122712,FLORIDA,Not Applicable,MIAMI-DADE,Rural,Not an Intersection,SR-997,,Pedestrian,1,1,1,1,0,1,1,1,1,December,Sunday,Clear,Dark - Not Lighted,25.7881,-80.4819
122713,FLORIDA,DAVIE,BROWARD,Urban,Not an Intersection,SR-7,,Pedestrian,1,0,1,1,0,1,1,1,1,August,Wednesday,Clear,Dark - Lighted,26.0747,-80.2058
122714,FLORIDA,Not Applicable,PALM BEACH,Urban,Not an Intersection,OKEECHOBEE BLV,,Pedestrian,1,0,1,1,0,1,1,1,1,November,Saturday,Clear,Dark - Not Lighted,26.7055,-80.0560
122715,FLORIDA,Not Applicable,PALM BEACH,Urban,Four-Way Intersection,SR-802,HAVERHILL RD,Motor Vehicle in Transport,1,0,2,2,0,0,0,4,4,November,Monday,Clear,Daylight,26.6189,-80.1216
122716,FLORIDA,Not Applicable,PALM BEACH,Rural,T-Intersection,140TH AVE,60TH ST N,Embankment,1,1,1,1,0,0,0,2,2,November,Sunday,Clear,Dark - Lighted,26.7448,-80.2637
122717,FLORIDA,RIVIERA BEACH,PALM BEACH,Urban,Not an Intersection,SR-809,,Pedestrian,1,0,1,1,0,1,1,1,1,October,Saturday,Clear,Dark - Lighted,26.7697,-80.1079
122718,FLORIDA,RIVIERA BEACH,PALM BEACH,Urban,Not an Intersection,SR-710,,Curb,1,0,1,1,0,0,0,1,1,May,Friday,Clear,Dark - Lighted,26.7708,-80.0939
122719,FLORIDA,Not Applicable,LEON,Rural,Not an Intersection,SR-363,,Pedestrian,1,0,1,1,0,1,1,2,2,December,Friday,Clear,Dark - Not Lighted,30.3003,-84.2445
122721,FLORIDA,Not Applicable,MARION,Rural,Four-Way Intersection,CR-464B,115TH AVE,Motor Vehicle in Transport,1,1,2,2,0,0,0,4,4,December,Sunday,Clear,Dusk,29.2458,-82.3094
122722,FLORIDA,Not Applicable,PASCO,Rural,Not an Intersection,SR-34,,Motor Vehicle in Transport,1,0,2,2,0,0,0,3,3,December,Monday,Clear,Daylight,28.1987,-82.3990
122723,FLORIDA,SAINT PETERSBURG,PINELLAS,Urban,Four-Way Intersection,5TH AVE,29TH ST,Pedestrian,1,1,1,1,0,1,1,1,1,December,Saturday,Clear,Dusk,27.7772,-82.6726