ST_CASE,STATE_NAME,CITY_NAME,COUNTY_NAME,RUR_URB_NAME,TYP_INT_NAME,TWAY_ID,TWAY_ID2,HARM_EV_NAME,FATALS,DRUNK_DR,VE_TOTAL,VE_FORMS,PVH_INVL,PEDS,PERNOTMVIT,PERMVIT,PERSONS,MONTH_NAME,DAY_WEEK_NAME,WEATHER_NAME,LGT_COND_NAME,LATITUDE,LONGITUD
122857,FLORIDA,Not Applicable,OKEECHOBEE,Rural,T-Intersection,US-441,NW 208 RD,Motor Vehicle in Transport,1,0,3,3,0,0,0,3,3,December,Thursday,"Fog, Smog, Smoke",Daylight,27.4497,-80.8102
122858,FLORIDA,Not Applicable,ORANGE,Rural,Not an Intersection,US-441,,Motor Vehicle in Transport,2,0,2,2,0,0,0,4,4,December,Wednesday,Clear,Daylight,28.6286,-81.4491
122859,FLORIDA,Not Applicable,ORANGE,Rural,T-Intersection,SR-482,SOUTHLAND BLVD,Motor Vehicle in Transport,1,0,2,2,0,0,0,2,2,December,Friday,Clear,Daylight,28.4504,-81.4069
122860,FLORIDA,Not Applicable,INDIAN RIVER,Rural,Not an Intersection,I-95,,Motor Vehicle in Transport,2,0,3,3,0,0,0,7,7,December,Saturday,Clear,Dark - Not Lighted,27.6457,-80.5200
122861,FLORIDA,Not Applicable,LEE,Rural,Not an Intersection,CR-80A,,Pedestrian,1,0,1,1,0,1,1,2,2,December,Saturday,Clear,Dark - Not Lighted,26.6818,-81.7941
122862,FLORIDA,Not Applicable,VOLUSIA,Rural,Not an Intersection,US-17,,Rollover/Overturn,1,0,1,1,0,0,0,6,6,December,Sunday,Clear,Dark - Not Lighted,29.0719,-81.3058
122863,FLORIDA,MIAMI,MIAMI-DADE,Urban,Not an Intersection,SR-976,,Utility Pole/Light Support,1,0,1,1,0,0,0,1,1,September,Friday,Clear,Dark - Lighted,25.7329,-80.3161
122864,FLORIDA,LARGO,PINELLAS,Urban,Not an Intersection,US-19,,Pedestrian,1,0,1,1,0,1,1,1,1,December,Monday,Clear,Dark - Lighted,27.9130,-82.7298
122865,FLORIDA,TAMPA,HILLSBOROUGH,Urban,T-Intersection,US-92,50TH ST,Motor Vehicle in Transport,1,0,2,2,0,0,0,2,2,August,Friday,Clear,Daylight,27.9961,-82.4019
122866,FLORIDA,NORTH MIAMI,MIAMI-DADE,Urban,Not an Intersection,I-95 SR-9A,,Concrete Traffic Barrier,1,1,1,1,0,0,0,1,1,October,Monday,Clear,Dark - Lighted,25.8833,-80.2090
122867,FLORIDA,Not Applicable,PASCO,Rural,Not an Intersection,MONTEVERDE DR,,Motor Vehicle in Transport,3,1,2,2,0,0,0,5,5,December,Saturday,Clear,Dark - Not Lighted,28.4132,-82.5433
122869,FLORIDA,ORANGE PARK,CLAY,Urban,Not an Intersection,US-17,STILES AVE,Pedestrian,1,0,1,1,0,1,1,1,1,December,Wednesday,Cloudy,Dark - Lighted,30.1674,-81.7010
122870,FLORIDA,Not Applicable,PALM BEACH,Rural,Four-Way Intersection,CR-809,WHITE FEATHER TRL,Motor Vehicle in Transport,1,0,2,2,0,0,0,4,4,December,Friday,Cloudy,Daylight,26.5538,-80.1192
122871,FLORIDA,Not Applicable,MARTIN,Rural,Four-Way Intersection,SR-A1A,BROWARD STREET,Pedestrian,1,0,1,1,0,1,1,1,1,December,Tuesday,Clear,Daylight,27.1439,-80.1947
122872,FLORIDA,Not Applicable,SARASOTA,Rural,Four-Way Intersection,US-41,RUBENS DR,Motor Vehicle in Transport,1,0,2,2,0,0,0,3,3,December,Wednesday,Clear,Dusk,27.1662,-82.4760
122873,FLORIDA,Not Applicable,OSCEOLA,Rural,T-Intersection,POINCIANA BOULEVARD,DORAL POINTE DRIVE,Motor Vehicle in Transport,1,0,3,3,0,0,0,5,5,December,Thursday,Clear,Dark - Not Lighted,28.2021,-81.4755
122874,FLORIDA,MIAMI GARDENS,MIAMI-DADE,Urban,Not an Intersection,SR-826,,Motor Vehicle in Transport,1,0,3,3,0,0,0,6,6,December,Saturday,Clear,Daylight,25.9253,-80.2727
122875,FLORIDA,JACKSONVILLE,DUVAL,Urban,Not an Intersection,I-295,,Motor Vehicle in Transport,1,0,2,2,0,0,0,3,3,December,Saturday,Clear,Daylight,30.2158,-81.5137
122876,FLORIDA,DELRAY BEACH,PALM BEACH,Urban,Not an Intersection,SR-806,,Pedestrian,1,1,1,1,0,1,1,4,4,December,Friday,Rain,Dark - Lighted,26.4616,-80.0681
122877,FLORIDA,CASSELBERRY,SEMINOLE,Urban,Not an Intersection,GRIFFIN DR,,Curb,1,0,1,1,0,0,0,1,1,December,Monday,Clear,Daylight,28.6796,-81.3378
122880,FLORIDA,COCOA,BREVARD,Rural,Not an Intersection,DIXON BLVD,,Pedestrian,1,0,1,1,0,1,1,1,1,July,Friday,Clear,Dark - Not Lighted,28.3730,-80.7481
122882,FLORIDA,Not Applicable,LIBERTY,Rural,T-Intersection,SR-65,SUMNER RD,Motor Vehicle in Transport,1,0,2,2,0,0,0,2,2,July,Wednesday,Clear,Daylight,30.2214,-84.8890
122883,FLORIDA,ORMOND BEACH,VOLUSIA,Urban,Four-Way Intersection,RIDGEWOOD AVE,HIGHLAND AVE,Motor Vehicle in Transport,1,0,2,2,0,0,0,2,2,August,Friday,Clear,Daylight,29.2875,-81.0599
122884,FLORIDA,BRADENTON,MANATEE,Rural,T-Intersection,US-41,28TH AVENUE,Motor Vehicle in Transport,1,1,2,2,0,0,0,2,2,August,Wednesday,Cloudy,Daylight,27.4755,-82.5753
122885,FLORIDA,BARTOW,POLK,Urban,Not an Intersection,SR-700,,Curb,1,0,2,1,1,0,0,2,2,September,Friday,Clear,Daylight,27.8932,-81.8285
122886,FLORIDA,ORLANDO,ORANGE,Rural,T-Intersection,EAST CHURCH ST,ROSLAIND AVE,Pedestrian,1,0,1,1,0,1,1,1,1,September,Monday,Clear,Daylight,28.5404,-81.3758
122887,FLORIDA,CORAL SPRINGS,BROWARD,Urban,Not an Intersection,SR-7,,Motor Vehicle in Transport,1,0,2,2,0,0,0,4,4,September,Sunday,Clear,Dark - Lighted,26.2742,-80.2022
122888,FLORIDA,BRISTOL,LIBERTY,Rural,Not an Intersection,CR-379,,Utility Pole/Light Support,1,1,1,1,0,0,0,2,2,September,Saturday,Clear,Dark - Not Lighted,30.4294,-84.9732
122889,FLORIDA,Not Applicable,ST. LUCIE,Rural,Four-Way Intersection,SR-615,611A JUANITA AVE,Motor Vehicle in Transport,1,0,2,2,0,0,0,2,2,September,Thursday,Clear,Daylight,27.4729,-80.3498
122890,FLORIDA,JACKSONVILLE,DUVAL,Urban,Not an Intersection,SR-228,BLAIR RD,Motor Vehicle in Transport,1,1,2,2,0,0,0,2,2,September,Friday,Cloudy,Dark - Not Lighted,30.2749,-81.8318
122891,FLORIDA,PORT SAINT LUCIE,ST. LUCIE,Urban,Not an Intersection,CR-716,,Motor Vehicle in Transport,1,0,2,2,0,1,1,1,1,October,Saturday,Clear,Dark - Lighted,27.2717,-80.3193
122892,FLORIDA,MARY ESTHER,OKALOOSA,Rural,Not an Intersection,BOUND MIRACLE STRIP PKWY,,Motor Vehicle in Transport,1,0,2,2,0,0,0,3,3,March,Tuesday,Cloudy,Dark - Not Lighted,30.3953,-86.5101
122893,FLORIDA,GAINESVILLE,ALACHUA,Urban,Four-Way Intersection,SR-26,17TH ST,Pedalcyclist,1,0,1,1,0,1,1,1,1,October,Friday,Clear,Daylight,29.6520,-82.3447
122894,FLORIDA,Not Applicable,HILLSBOROUGH,Rural,Not an Intersection,LUTZ LAKE FERN RD,,Utility Pole/Light Support,1,1,1,1,0,0,0,1,1,October,Thursday,Clear,Dark - Not Lighted,28.1569,-82.5080
122895,FLORIDA,NORTH LAUDERDALE,BROWARD,Urban,Four-Way Intersection,SOUTHGATE BLVD,81ST AVE,Motor Vehicle in Transport,1,0,2,2,0,0,0,2,2,October,Tuesday,Clear,Dark - Lighted,26.2281,-80.2369
122896,FLORIDA,PORT SAINT LUCIE,ST. LUCIE,Urban,Four-Way Intersection,PORT SAINT LUCIE BLVD,AIROSO BLVD,Pedestrian,1,0,1,1,0,1,1,1,1,October,Monday,Cloudy,Dark - Lighted,27.2733,-80.3420
122897,FLORIDA,Not Applicable,ST. LUCIE,Rural,T-Intersection,US-1,RIO MAR DR,Motor Vehicle in Transport,1,0,2,2,0,0,0,4,4,October,Thursday,Clear,Dusk,27.3337,-80.3250
122898,FLORIDA,MIRAMAR,BROWARD,Urban,Not an Intersection,SR-824,,Tree (Standing Only),1,1,1,1,0,0,0,1,1,October,Monday,Clear,Dark - Lighted,25.9944,-80.2555
122899,FLORIDA,PALM BAY,BREVARD,Urban,Not an Intersection,SR-507,,Motor Vehicle in Transport,1,2,2,2,0,0,0,2,2,November,Friday,Clear,Dark - Not Lighted,27.9864,-80.6220
122900,FLORIDA,LAKELAND,POLK,Urban,Not an Intersection,SR-37,SCOTTSDALE LOOP,Motor Vehicle in Transport,1,0,2,2,0,0,0,3,3,November,Thursday,Clear,Dark - Lighted,28.0068,-81.9569
122901,FLORIDA,PALM BAY,BREVARD,Urban,Not an Intersection,US-1,,Motor Vehicle in Transport,1,0,2,2,0,0,0,3,3,December,Wednesday,Clear,Daylight,28.0610,-80.5941
122902,FLORIDA,MIAMI,MIAMI-DADE,Urban,T-Intersection,6TH AVE,54TH ST,Pedalcyclist,1,0,1,1,0,1,1,2,2,October,Sunday,Rain,Daylight,25.8249,-80.2061
122903,FLORIDA,SEBRING,HIGHLANDS,Urban,Four-Way Intersection,SEBRING PARKWAY,SHONTEE AVE,Motor Vehicle in Transport,1,0,2,2,0,0,0,2,2,December,Thursday,Clear,Daylight,27.5069,-81.4481
122904,FLORIDA,Not Applicable,BREVARD,Rural,Not an Intersection,I-95,,Motor Vehicle in Transport,1,0,2,2,0,0,0,3,3,December,Wednesday,Clear,Daylight,27.8695,-80.5918
122905,FLORIDA,Not Applicable,ST. JOHNS,Urban,Four-Way Intersection,US-1,RACE TRACK ROAD,Motor Vehicle in Transport,1,0,2,2,0,0,0,7,7,December,Wednesday,Cloudy,Dawn,30.1040,-81.4783
122906,FLORIDA,DAYTONA BEACH,VOLUSIA,Urban,Not an Intersection,BELLEVUE AVE EXT,,Motor Vehicle in Transport,1,0,2,2,0,0,0,3,3,July,Saturday,Clear,Dark - Not Lighted,29.1702,-81.0772
122907,FLORIDA,Not Applicable,LEVY,Rural,Not an Intersection,US-19,,Rollover/Overturn,1,0,1,1,0,0,0,1,1,August,Wednesday,Clear,Daylight,29.0428,-82.6666
122908,FLORIDA,MIAMI,MIAMI-DADE,Urban,T-Intersection,FULLER ST,MAIN HWY,Pedestrian,1,0,1,1,0,1,1,1,1,August,Tuesday,Rain,Dark - Not Lighted,25.7273,-80.2430
122909,FLORIDA,ROYAL PALM BEACH,PALM BEACH,Rural,T-Intersection,CYPRESS LAKES DR,CRESTWOOD BLVD,Non-Motorist on Personal Conveyance,1,0,1,1,0,1,1,1,1,July,Saturday,Clear,Daylight,26.6873,-80.2449
122910,FLORIDA,LAKELAND,POLK,Urban,Four-Way Intersection,US-98,SR-548,Pedalcyclist,1,0,1,1,0,1,1,1,1,August,Friday,Clear,Daylight,28.0495,-81.9573
122911,FLORIDA,Not Applicable,MIAMI-DADE,Rural,Not an Intersection,41ST TER,,Fence,1,0,1,1,0,0,0,1,1,August,Friday,Clear,Dark - Lighted,25.7289,-80.4348
122912,FLORIDA,Not Applicable,ST. LUCIE,Rural,Not an Intersection,SR-70,,Motor Vehicle in Transport,1,0,2,2,0,0,0,2,2,September,Wednesday,Cloudy,Dark - Not Lighted,27.4016,-80.4485
122913,FLORIDA,PALMETTO,MANATEE,Urban,Four-Way Intersection,SR-45,2600 8TH AVE,Motor Vehicle in Transport,1,0,2,2,0,0,0,2,2,September,Thursday,Clear,Daylight,27.5372,-82.5728
122914,FLORIDA,HOMESTEAD,MIAMI-DADE,Urban,T-Intersection,18TH AVE,MOWRY DR,Motor Vehicle in Transport,1,0,2,2,0,0,0,2,2,October,Sunday,Clear,Daylight,25.4701,-80.4526
122915,FLORIDA,DELRAY BEACH,PALM BEACH,Urban,Four-Way Intersection,SR-806,COCONUT KEY LN,Motor Vehicle in Transport,1,0,3,3,0,0,0,4,4,October,Monday,Clear,Daylight,26.4579,-80.1265
122916,FLORIDA,TAMPA,HILLSBOROUGH,Urban,Not an Intersection,ARMENIA AVE,,Pedestrian,1,0,1,1,0,1,1,1,1,October,Thursday,Clear,Dark - Not Lighted,27.9762,-82.4848
122917,FLORIDA,Not Applicable,HIGHLANDS,Rural,Four-Way Intersection,US-27,SR-66,Motor Vehicle in Transport,1,0,4,4,0,0,0,4,4,October,Thursday,Rain,Daylight,27.4291,-81.4181
122918,FLORIDA,MIAMI,MIAMI-DADE,Urban,Not an Intersection,22ND AVE,,Pedestrian,1,0,1,1,0,1,1,1,1,October,Saturday,Clear,Dark - Not Lighted,25.7922,-80.2314
122919,FLORIDA,MIRAMAR,BROWARD,Urban,Not an Intersection,CR-858,,Guardrail End,1,0,1,1,0,0,0,3,3,October,Thursday,Rain,Daylight,25.9821,-80.2197
122920,FLORIDA,COCONUT CREEK,BROWARD,Urban,Four-Way Intersection,LYONS RD,CORAL TREE CIR,Motor Vehicle in Transport,1,0,2,2,0,0,0,2,2,October,Friday,Clear,Daylight,26.2762,-80.1862
122921,FLORIDA,PARKER,BAY,Urban,Not an Intersection,SR-98,,Pedestrian,1,0,1,1,0,1,1,1,1,October,Tuesday,Clear,Dark - Not Lighted,30.1222,-85.5921
122923,FLORIDA,ORLANDO,ORANGE,Urban,Not an Intersection,SR-400 E,,Motor Vehicle in Transport,1,0,2,2,0,0,0,5,5,October,Thursday,Clear,Dark - Lighted,28.4771,-81.4689
122924,FLORIDA,MELBOURNE,BREVARD,Urban,Four-Way Intersection,STRAWBRIDGE AVE,WAVERLY PL,Pedestrian,1,0,1,1,0,1,1,2,2,October,Saturday,Clear,Dark - Lighted,28.0794,-80.6077
122925,FLORIDA,CAPE CORAL,LEE,Urban,T-Intersection,HANCOCK BRIDGE PKWY,1ST PL,Curb,1,0,1,1,0,0,0,1,1,October,Thursday,Clear,Dark - Lighted,26.6518,-81.9714
122926,FLORIDA,JACKSONVILLE,DUVAL,Urban,Not an Intersection,SR-13,,Motor Vehicle in Transport,1,0,4,4,0,0,0,7,7,October,Wednesday,Clear,Daylight,30.1777,-81.6277
122927,FLORIDA,Not Applicable,CITRUS,Rural,Four-Way Intersection,US-19,6201 SUNCOAST BLVD,Motor Vehicle in Transport,1,0,2,2,0,0,0,4,4,October,Friday,Clear,Dark - Lighted,28.9526,-82.6267
122928,FLORIDA,CAPE CORAL,LEE,Urban,T-Intersection,37TH ST,SKYLINE BLVD,Motor Vehicle in Transport,1,0,2,2,0,0,0,2,2,October,Friday,Clear,Daylight,26.5831,-81.9908
122929,FLORIDA,LAUDERDALE LAKES,BROWARD,Urban,T-Intersection,NW 31ST AVE,NW 39TH ST,Pedalcyclist,1,0,1,1,0,1,1,1,1,November,Sunday,Clear,Daylight,26.1735,-80.1872
122930,FLORIDA,NORTH LAUDERDALE,BROWARD,Urban,Not an Intersection,SR-7,,Pedestrian,1,0,1,1,0,1,1,1,1,November,Thursday,Clear,Dark - Not Lighted,26.2130,-80.2040
122932,FLORIDA,FORT LAUDERDALE,BROWARD,Urban,Not an Intersection,17TH ST,,Pedestrian,1,0,1,1,0,1,1,1,1,December,Friday,Clear,Dark - Lighted,26.1002,-80.1340
122933,FLORIDA,Not Applicable,PALM BEACH,Rural,Not an Intersection,18TH AVE,,Pedestrian,1,0,1,1,0,1,1,1,1,November,Sunday,Clear,Dark - Lighted,26.3441,-80.1198
122934,FLORIDA,JACKSONVILLE,DUVAL,Urban,Not an Intersection,SR-111,,Pedestrian,1,0,1,1,0,1,1,2,2,December,Friday,Clear,Dark - Lighted,30.3326,-81.7309
122935,FLORIDA,Not Applicable,BREVARD,Rural,Not an Intersection,US-1,,Motor Vehicle in Transport,1,0,2,2,0,0,0,3,3,October,Wednesday,Clear,Dark - Not Lighted,28.2353,-80.6755
122936,FLORIDA,GAINESVILLE,ALACHUA,Urban,Four-Way Intersection,SR-121,20TH AVE,Motor Vehicle in Transport,2,0,2,2,0,0,0,3,3,December,Monday,Clear,Daylight,29.6342,-82.3726
122937,FLORIDA,Not Applicable,PINELLAS,Rural,T-Intersection,28TH ST,50TH AVE,Rollover/Overturn,1,0,1,1,0,0,0,1,1,June,Wednesday,Cloudy,Daylight,27.8174,-82.6713
122938,FLORIDA,Not Applicable,HERNANDO,Rural,Four-Way Intersection,US-19,CORTEZ BLVD,Motor Vehicle in Transport,1,0,2,2,0,0,0,3,3,July,Thursday,Clear,Dark - Lighted,28.5186,-82.5715
122940,FLORIDA,Not Applicable,BREVARD,Rural,Not an Intersection,US-1,,Pedestrian,1,0,1,1,0,1,1,1,1,December,Sunday,Cloudy,Dark - Lighted,28.5050,-80.7840
122941,FLORIDA,GREENACRES CITY,PALM BEACH,Urban,Not an Intersection,JOG RD,,Pedestrian,1,0,1,1,0,1,1,1,1,December,Thursday,Clear,Dark - Lighted,26.6109,-80.1467
122942,FLORIDA,LAKE PLACID,HIGHLANDS,Rural,Not an Intersection,PLUMOSA ST,,Parked Motor Vehicle (Not in Transport),1,0,2,1,1,0,0,3,3,September,Friday,Cloudy,Daylight,27.2930,-81.3583
122943,FLORIDA,GAINESVILLE,ALACHUA,Rural,T-Intersection,SR-24,WALDO RD,Motor Vehicle in Transport,1,0,2,2,0,0,0,3,3,September,Sunday,Clear,Daylight,29.7873,-82.1716
122944,FLORIDA,WEST PALM BEACH,PALM BEACH,Urban,Not an Intersection,SR-704A,,Motor Vehicle in Transport,1,0,2,2,0,0,0,4,4,September,Sunday,Clear,Daylight,26.7242,-80.0667
122945,FLORIDA,GROVELAND,LAKE,Urban,T-Intersection,SR-50,CILLA CITY RD,Fell/jumped from Vehicle,1,0,1,1,0,0,0,3,3,October,Thursday,Clear,Dark - Lighted,28.5649,-81.8678
122946,FLORIDA,MERRITT ISLAND,BREVARD,Rural,Not an Intersection,CR-3,,Pedalcyclist,1,0,1,1,0,1,1,1,1,November,Wednesday,Clear,Daylight,28.2565,-80.6607
122948,FLORIDA,CUTLER BAY,MIAMI-DADE,Urban,T-Intersection,US-1,BELVIEW DR,Pedalcyclist,1,0,1,1,0,1,1,1,1,November,Monday,Clear,Dark - Lighted,25.5853,-80.3630
122949,FLORIDA,Not Applicable,PALM BEACH,Rural,Not an Intersection,SR-710,,Rollover/Overturn,1,0,1,1,0,0,0,1,1,December,Friday,Clear,Dark - Not Lighted,26.8294,-80.1811
122950,FLORIDA,Not Applicable,PALM BEACH,Rural,Not an Intersection,US-98,,Guardrail Face,1,1,3,3,0,0,0,4,4,December,Thursday,Clear,Dark - Lighted,26.6789,-80.1579
122951,FLORIDA,LEESBURG,LAKE,Rural,Four-Way Intersection,CITRUS BLVD,AKRON DR,Motor Vehicle in Transport,1,0,2,2,0,0,0,3,3,August,Saturday,Clear,Dark - Lighted,28.8321,-81.8880
122952,FLORIDA,RIVIERA BEACH,PALM BEACH,Urban,Four-Way Intersection,SR-710,AUSTRALIAN AVENUE,Motor Vehicle in Transport,1,1,2,2,0,0,0,2,2,April,Saturday,Clear,Dark - Lighted,26.7696,-80.0713
122953,FLORIDA,PALMETTO,MANATEE,Urban,T-Intersection,US-41,23RD ST,Motor Vehicle in Transport,1,0,2,2,0,0,0,3,3,November,Tuesday,Clear,Dusk,27.5336,-82.5719
122954,FLORIDA,TAMARAC,BROWARD,Rural,Not an Intersection,COMMERCIAL BLVD,,Curb,1,0,1,1,0,0,0,1,1,November,Sunday,Clear,Dark - Lighted,26.1871,-80.2068
122955,FLORIDA,Not Applicable,CLAY,Rural,Not an Intersection,SR-16,MARSHALL LN,Motor Vehicle in Transport,1,0,2,2,0,0,0,2,2,November,Saturday,Clear,Daylight,29.9829,-81.7763
122956,FLORIDA,PORT SAINT LUCIE,ST. LUCIE,Urban,Not an Intersection,JENNINGS RD,,Concrete Traffic Barrier,1,0,1,1,0,0,0,1,1,December,Monday,Clear,Other,27.2791,-80.2929
122957,FLORIDA,COOPER CITY,BROWARD,Rural,Not an Intersection,49TH PL,,Pedestrian,1,0,1,1,0,1,1,1,1,December,Wednesday,Clear,Daylight,26.0582,-80.2815
122958,FLORIDA,Not Applicable,HILLSBOROUGH,Rural,Not an Intersection,ROYAL BONNET DR,,Pedalcyclist,1,0,1,1,0,1,1,1,1,December,Thursday,Clear,Daylight,27.7452,-82.4124
122959,FLORIDA,GULF BREEZE,SANTA ROSA,Rural,Not an Intersection,DANIEL DR,,Pedestrian,1,0,1,1,0,1,1,1,1,November,Monday,Clear,Daylight,30.3600,-87.1674
122960,FLORIDA,PANAMA CITY,BAY,Urban,Four-Way Intersection,SR-77,SR-368,Pedestrian,1,0,1,1,0,1,1,1,1,December,Monday,Rain,Dark - Lighted,30.1896,-85.6499
122961,FLORIDA,Not Applicable,ST. JOHNS,Rural,Not an Intersection,MASTERS DR,,Pedestrian,1,0,1,1,0,1,1,1,1,December,Thursday,Clear,Dark - Not Lighted,29.9086,-81.3331
122962,FLORIDA,Not Applicable,MIAMI-DADE,Rural,Four-Way Intersection,5TH CT,81 ST ST,Pedestrian,1,0,1,1,0,1,1,1,1,December,Thursday,Clear,Dark - Lighted,25.8490,-80.2062
122963,FLORIDA,TAMARAC,BROWARD,Urban,Not an Intersection,SR-817,,Curb,1,0,1,1,0,0,0,2,2,December,Saturday,Rain,Dark - Lighted,26.2159,-80.2526
122964,FLORIDA,COCONUT CREEK,BROWARD,Rural,Not an Intersection,COCONUT CREEK PKWY,,Tree (Standing Only),1,0,1,1,0,0,0,1,1,December,Saturday,Clear,Daylight,26.2445,-80.1909
122965,FLORIDA,COCONUT CREEK,BROWARD,Rural,Not an Intersection,40TH ST,,Pedestrian,1,0,1,1,0,1,1,1,1,December,Thursday,Clear,Dark - Not Lighted,26.2783,-80.1978
122966,FLORIDA,JACKSONVILLE,DUVAL,Urban,Not an Intersection,WISTERIA ST,,Pedalcyclist,1,0,1,1,0,1,1,1,1,December,Saturday,Clear,Dark - Lighted,30.3757,-81.7034
122967,FLORIDA,DELRAY BEACH,PALM BEACH,Urban,Not an Intersection,LINTON BLVD,,Pedestrian,1,0,1,1,0,1,1,1,1,December,Sunday,Rain,Dark - Lighted,26.4395,-80.0946
122968,FLORIDA,LEESBURG,LAKE,Urban,Not an Intersection,US-441,,Pedestrian,1,0,1,1,0,1,1,1,1,December,Friday,Clear,Dark - Lighted,28.8231,-81.7870
122969,FLORIDA,CLEARWATER,PINELLAS,Urban,Not an Intersection,FAIRMONT ST,,Utility Pole/Light Support,1,0,1,1,0,0,0,1,1,December,Thursday,Clear,Dark - Lighted,27.9827,-82.7902
122970,FLORIDA,CLEARWATER,PINELLAS,Urban,Four-Way Intersection,MISSOURI AVE,JEFFORDS ST,Pedestrian,1,0,1,1,0,1,1,1,1,December,Thursday,Clear,Daylight,27.9535,-82.7875
122971,FLORIDA,SEMINOLE,PINELLAS,Urban,Not an Intersection,SR-66,,Rollover/Overturn,1,1,1,1,0,0,0,1,1,December,Wednesday,Clear,Dark - Lighted,27.8130,-82.7875
122972,FLORIDA,BOCA RATON,PALM BEACH,Urban,Not an Intersection,I-5,,Motor Vehicle in Transport,1,0,2,2,0,0,0,2,2,December,Wednesday,Clear,Dark - Lighted,26.3681,-80.1183
122973,FLORIDA,Not Applicable,MIAMI-DADE,Urban,Not an Intersection,NW 169TH ST,,Pedestrian,1,0,1,1,0,1,1,1,1,December,Thursday,Clear,Dark - Lighted,25.9264,-80.3226
122974,FLORIDA,EDGEWATER,VOLUSIA,Urban,T-Intersection,US-1,CORY DR,Motor Vehicle in Transport,1,0,3,3,0,0,0,4,4,March,Thursday,Clear,Daylight,28.9426,-80.8819
122975,FLORIDA,AVON PARK,HIGHLANDS,Urban,Four-Way Intersection,SR-98,COLLEGE DR,Motor Vehicle in Transport,1,0,2,2,0,0,0,3,3,November,Monday,Clear,Dark - Lighted,27.5699,-81.5143
122976,FLORIDA,TAMPA,HILLSBOROUGH,Urban,Four-Way Intersection,HOWARD AVE N,CORDELIA ST W,Pedestrian,1,0,1,1,0,1,1,1,1,March,Sunday,Clear,Daylight,27.9688,-82.4827
122977,FLORIDA,PORT ORANGE,VOLUSIA,Rural,T-Intersection,TOWN WEST BLVD,SR-415,Curb,1,0,1,1,0,0,0,1,1,March,Friday,Cloudy,Dark - Lighted,29.1111,-81.0700
122978,FLORIDA,GAINESVILLE,ALACHUA,Urban,Not an Intersection,US-441,,Curb,1,0,1,1,0,0,0,1,1,September,Sunday,Cloudy,Dark - Lighted,29.7129,-82.3550
122979,FLORIDA,LYNN HAVEN,BAY,Urban,Not an Intersection,CR-389,DELAWARE AVE,Pedalcyclist,1,0,1,1,0,1,1,1,1,August,Monday,Clear,Daylight,30.2404,-85.6327
122980,FLORIDA,LADY LAKE,LAKE,Rural,Four-Way Intersection,CR-466,ROLLING ACRES RD,Motor Vehicle in Transport,1,1,2,2,0,0,0,4,4,May,Saturday,Clear,Dark - Lighted,28.9160,-81.9371
122981,FLORIDA,PLANTATION,BROWARD,Urban,T-Intersection,SR-842,48TH AVE,Motor Vehicle in Transport,1,0,2,2,0,0,0,2,2,December,Wednesday,Cloudy,Daylight,26.1210,-80.2140
122982,FLORIDA,HAMMONDVILLE,BROWARD,Urban,Four-Way Intersection,ROCK ISLAND RD,SOUTHGATE BLVD,Pedalcyclist,1,0,1,1,0,1,1,1,1,December,Friday,Clear,Dark - Lighted,26.2282,-80.2210
122983,FLORIDA,CORAL SPRINGS,BROWARD,Urban,Not an Intersection,RIVERSIDE DR,,Pedestrian,1,0,1,1,0,1,1,1,1,December,Wednesday,Clear,Dark - Lighted,26.2857,-80.2340
122984,FLORIDA,NEW SMYRNA BEACH,VOLUSIA,Rural,Not an Intersection,US-1,,Pedestrian,1,0,1,1,0,1,1,2,2,October,Thursday,Clear,Daylight,29.0427,-80.9340
122985,FLORIDA,MIAMI,MIAMI-DADE,Urban,Four-Way Intersection,22TH AVE,36TH ST,Pedestrian,1,0,1,1,0,1,1,1,1,February,Monday,Clear,Dark - Not Lighted,25.8092,-80.2320
122986,FLORIDA,Not Applicable,SUWANNEE,Urban,Not an Intersection,US-129,,Motor Vehicle in Transport,1,0,2,2,0,0,0,2,2,June,Thursday,Rain,Daylight,30.2518,-82.9880
122987,FLORIDA,KENNETH CITY,PINELLAS,Rural,Not an Intersection,66TH ST,,Pedestrian,1,0,1,1,0,1,1,1,1,October,Saturday,Clear,Dark - Lighted,27.8148,-82.7284
122988,FLORIDA,HAMMONDVILLE,BROWARD,Rural,T-Intersection,NW 69TH TER,NW 15TH ST,Pedestrian,1,0,1,1,0,1,1,1,1,February,Thursday,Clear,Dusk,26.2475,-80.2182
122989,FLORIDA,MIAMI,MIAMI-DADE,Urban,Not an Intersection,SW 37TH AVE,,Tree (Standing Only),1,0,2,2,0,0,0,2,2,July,Thursday,Clear,Dark - Lighted,25.7311,-80.2537
122990,FLORIDA,MIAMI,MIAMI-DADE,Urban,Not an Intersection,NW 13TH AVE,,Immersion or Partial Immersion,1,0,1,1,0,0,0,1,1,July,Saturday,Clear,Daylight,25.7863,-80.2207
122991,FLORIDA,STUART,MARTIN,Rural,Not an Intersection,WILLOUGHBY BLVD,,Motor Vehicle in Transport,1,0,3,3,0,0,0,6,6,November,Tuesday,Clear,Dusk,27.1742,-80.2469